PetID,PetType,AgeMonths,Size,WeightKg,Vaccinated,HealthCondition,TimeInShelterDays
500,Bird,131,Large,5.039767822529515,1,0,27
501,Rabbit,73,Large,16.086726854616735,0,0,8
502,Dog,136,Medium,2.0762862789067658,0,0,85
503,Bird,97,Small,3.339423254344144,0,0,61
504,Rabbit,123,Large,20.49809976164308,0,0,28
505,Dog,70,Large,20.986260902397984,0,0,87
506,Bird,169,Small,10.90261279164483,1,0,70
507,Cat,13,Large,7.252683192048298,1,0,3
508,Bird,49,Medium,24.59759785196193,1,1,69
509,Bird,60,Large,7.29599365462682,0,0,73
510,Bird,130,Large,16.71878502032501,0,0,7
511,Rabbit,5,Small,29.078056385024254,1,0,60
512,Dog,172,Large,5.28772069800913,1,0,4
513,Cat,27,Large,28.28541175734656,1,0,5
514,Cat,160,Medium,6.303898538991391,1,0,11
515,Rabbit,149,Small,17.45585303267366,1,0,15
516,Cat,8,Small,11.933223646803594,1,1,64
517,Cat,50,Medium,28.98292944355295,1,0,13
518,Rabbit,67,Large,8.932718841056172,1,1,7
519,Dog,44,Small,12.590082060486855,0,1,6
520,Rabbit,125,Small,29.502943417807195,1,0,56
521,Cat,58,Large,16.557641344465722,0,0,64
522,Dog,3,Large,15.57627335301635,1,0,50
523,Dog,86,Small,8.475576157915746,1,0,30
524,Bird,70,Large,21.3395432490028,1,0,22
525,Bird,130,Small,1.4168156015555518,1,0,25
526,Cat,172,Large,2.4358662613665123,1,0,28
527,Rabbit,2,Large,18.38139902693828,1,1,84
528,Rabbit,102,Medium,10.90856264073517,0,0,39
529,Rabbit,35,Large,28.646174793827857,0,1,67
530,Bird,98,Medium,27.192530030960786,1,0,5
531,Cat,30,Large,21.69748150162451,1,1,65
532,Bird,116,Small,24.72622185270624,1,0,15
533,Cat,8,Small,20.352623640363102,1,0,67
534,Rabbit,150,Large,4.64188097859466,1,0,40
535,Bird,44,Large,23.20075772098688,0,0,69
536,Rabbit,36,Small,7.095567092846545,1,0,77
537,Rabbit,77,Large,10.379842797905706,0,0,43
538,Dog,31,Medium,24.757792150970182,1,0,1
539,Dog,47,Medium,16.55924264341,0,0,22
540,Bird,55,Medium,25.938280711318868,1,0,62
541,Dog,106,Medium,7.1780242754546615,0,0,79
542,Bird,158,Medium,18.62557471959973,1,0,26
543,Cat,121,Large,3.429938203899587,1,1,18
544,Dog,55,Large,19.64876881266086,1,0,48
545,Cat,144,Medium,23.11348709549051,1,0,9
546,Dog,12,Large,17.962995925382927,1,1,1
547,Dog,145,Large,8.720713543465497,1,0,9
548,Rabbit,144,Medium,1.9089373969071348,1,0,23
549,Rabbit,140,Large,4.464017634964288,0,0,45
550,Bird,136,Large,19.04678639314676,1,0,2
551,Rabbit,3,Large,28.0981862884329,0,0,14
552,Bird,144,Medium,6.989497715188185,0,0,38
553,Rabbit,30,Large,22.315758324047863,1,0,40
554,Dog,23,Small,26.127080834222205,1,0,63
555,Bird,92,Small,16.10558317497782,1,0,82
556,Cat,115,Medium,20.408708079466077,1,1,16
557,Rabbit,104,Small,24.635444183608296,0,0,75
558,Cat,118,Medium,8.559579574477214,0,1,6
559,Rabbit,5,Small,9.609974553773249,1,1,3
560,Cat,104,Small,1.018197982225229,1,0,14
561,Cat,108,Small,28.929729796036277,0,0,66
562,Cat,65,Medium,27.608801943294,1,0,75
563,Cat,121,Medium,23.17247964902348,1,1,86
564,Bird,30,Large,3.2932046083227955,1,0,67
565,Cat,149,Medium,13.977583801285736,1,1,31
566,Rabbit,84,Small,3.954860865175032,1,0,33
567,Cat,150,Small,1.4616877506211594,1,0,88
568,Cat,32,Medium,18.869305991165323,0,0,1
569,Cat,161,Medium,28.864053095325463,1,0,44
570,Rabbit,16,Medium,27.183172679532355,1,0,15
571,Bird,38,Large,21.205889633126727,0,0,37
572,Rabbit,142,Small,3.8025769407812713,1,0,27
573,Cat,36,Large,8.950757092496705,1,0,48
574,Rabbit,151,Large,10.28164507967344,1,1,27
575,Dog,114,Small,23.131351674621275,0,1,12
576,Rabbit,66,Small,24.265226197818308,1,0,67
577,Dog,105,Medium,12.168077566707693,1,0,30
578,Cat,85,Medium,13.11863590191068,0,0,87
579,Dog,2,Large,2.2907621390089687,1,0,66
580,Dog,75,Medium,9.384964834144068,1,0,7
581,Dog,67,Medium,14.087270138151558,1,0,34
582,Bird,151,Small,4.39250834517247,0,1,32
583,Dog,154,Small,14.144756361895618,1,1,39
584,Dog,55,Medium,25.74209855547621,1,0,43
585,Dog,6,Small,17.858309572026545,1,0,43
586,Rabbit,163,Medium,3.288965796113957,1,0,78
587,Rabbit,150,Small,6.558468246077956,1,0,3
588,Rabbit,171,Small,14.76178615459813,0,0,46
589,Bird,143,Small,11.48312734483255,1,0,32
590,Bird,86,Small,11.403083566836864,1,0,43
591,Bird,60,Medium,16.348755996164115,1,1,81
592,Dog,101,Large,17.947481726094264,0,0,3
593,Bird,12,Small,24.10898553800954,1,1,74
594,Dog,49,Medium,10.888030340412056,1,1,63
595,Dog,42,Medium,24.358522208177018,1,1,40
596,Bird,166,Small,10.819725644266343,0,0,18
597,Cat,82,Large,2.607556679295781,0,0,67
598,Rabbit,173,Small,17.071441879138945,0,0,62
599,Bird,35,Medium,18.049167421949623,1,0,10
600,Dog,158,Large,28.101667123033945,0,0,52
601,Dog,158,Medium,22.05577845581176,0,0,73
602,Bird,134,Small,27.615406922338742,0,0,46
603,Cat,67,Large,27.34206909704728,1,0,55
604,Dog,80,Medium,18.53264919748902,0,1,46
605,Rabbit,7,Medium,16.305099894756978,1,0,75
606,Rabbit,14,Medium,17.165788047744396,0,0,60
607,Cat,73,Small,29.371593422640185,1,0,26
608,Bird,143,Large,23.421863060661806,1,0,27
609,Dog,149,Small,4.081711238979479,1,0,38
610,Dog,163,Small,23.5744237966606,1,0,22
611,Cat,66,Small,5.945603418048551,1,0,26
612,Dog,91,Large,13.973165921163144,1,0,86
613,Cat,130,Small,7.103330493119494,1,0,69
614,Bird,163,Small,20.997908900463663,1,0,35
615,Cat,20,Small,26.441982349598035,1,0,66
616,Bird,10,Small,9.420494675633748,1,0,73
617,Dog,25,Medium,3.3783114950374413,1,0,51
618,Bird,25,Small,9.656299844173937,1,1,18
619,Cat,54,Medium,20.49849388003364,1,1,43
620,Rabbit,33,Small,10.534043699079048,0,0,12
621,Dog,164,Large,9.0652528590603,0,0,3
622,Bird,95,Medium,6.348620526943684,1,0,82
623,Rabbit,14,Medium,15.427976379358572,0,0,7
624,Bird,65,Medium,9.00251601655844,1,0,6
625,Dog,110,Medium,22.19930012504501,0,0,82
626,Rabbit,80,Large,3.222049657773878,1,0,45
627,Rabbit,54,Small,20.25695796022821,1,0,86
628,Cat,125,Medium,7.889240422465326,1,0,39
629,Bird,131,Large,15.18909857049649,1,0,51
630,Bird,169,Medium,9.296607738906555,0,0,9
631,Dog,134,Small,21.960291604313078,0,0,23
632,Bird,25,Medium,28.413904167297463,1,0,12
633,Dog,141,Large,27.595226604624585,1,0,88
634,Rabbit,117,Small,17.91936023917864,1,0,62
635,Bird,136,Large,14.415698794452371,1,0,73
636,Bird,149,Small,24.730714773742072,1,0,77
637,Bird,25,Small,20.816464516204167,1,0,40
638,Cat,79,Small,6.323359312291053,1,0,54
639,Cat,68,Medium,24.806657194777006,0,0,81
640,Dog,173,Large,13.437647292446597,1,0,7
641,Dog,12,Large,6.480584139164078,1,0,17
642,Cat,32,Large,9.17212316149828,0,1,50
643,Rabbit,128,Small,8.758283877201928,1,1,24
644,Rabbit,96,Medium,16.057002263500344,0,0,2
645,Rabbit,92,Small,7.79673262965839,1,1,83
646,Rabbit,141,Large,4.583428134645709,1,0,33
647,Cat,31,Medium,4.587034667799061,1,0,21
648,Bird,78,Medium,17.9150097170338,1,0,74
649,Rabbit,20,Medium,22.30801937663198,1,1,53
650,Cat,146,Large,10.324457256311884,1,0,46
651,Rabbit,60,Medium,2.004870584606495,1,1,45
652,Dog,134,Medium,4.689521721173311,1,0,9
653,Cat,160,Small,27.52614224977465,1,0,6
654,Dog,93,Small,15.312766128094138,1,0,51
655,Bird,43,Medium,14.153611478840068,0,0,35
656,Cat,130,Medium,2.1034261709926367,1,0,82
657,Rabbit,60,Small,22.130473647190072,0,0,53
658,Dog,151,Small,16.31397434703029,0,0,19
659,Bird,31,Small,6.860347146509103,1,0,69
660,Bird,5,Large,4.192139045250658,0,0,25
661,Cat,162,Large,12.118248045327956,1,1,11
662,Bird,10,Small,25.277696961655742,1,0,74
663,Dog,89,Medium,26.09354221682971,1,0,17
664,Dog,130,Small,18.482545031473457,1,0,36
665,Bird,126,Large,22.098556389674137,1,0,21
666,Cat,11,Medium,4.339517834683241,0,1,18
667,Rabbit,178,Large,18.05565589856779,1,1,60
668,Bird,159,Medium,20.342005401128272,1,0,18
669,Bird,56,Large,6.820672444499974,1,0,1
670,Cat,83,Medium,26.52448725439751,1,1,14
671,Rabbit,137,Medium,6.654905388109573,1,1,8
672,Rabbit,99,Medium,10.090843435547065,1,1,66
673,Dog,149,Medium,18.9961485636803,1,1,51
674,Cat,73,Large,19.51215188879119,0,0,79
675,Cat,156,Large,21.28215748863365,1,0,60
676,Rabbit,115,Medium,4.248339678977965,1,0,34
677,Cat,7,Medium,25.634468467928105,0,0,36
678,Cat,80,Large,16.452566836214537,1,0,62
679,Dog,144,Medium,14.668332029046985,1,0,1
680,Dog,97,Medium,29.451831110891774,1,0,85
681,Bird,4,Medium,22.470970611289573,0,0,42
682,Dog,4,Small,4.422174771961871,1,0,1
683,Cat,103,Medium,22.93963584956098,0,0,84
684,Cat,40,Small,3.762219085213215,1,0,54
685,Dog,17,Medium,1.7966463128765606,0,1,47
686,Dog,101,Large,12.705150962827016,1,1,39
687,Cat,103,Small,29.813767011757346,1,0,30
688,Dog,124,Small,6.071634149651016,1,0,7
689,Rabbit,52,Medium,20.50668596227691,0,0,22
690,Cat,52,Medium,6.028485919977461,1,0,50
691,Bird,164,Small,22.018822273793194,1,0,45
692,Rabbit,124,Large,15.655256378896958,1,0,74
693,Bird,166,Large,20.719179592591917,1,1,72
694,Bird,178,Medium,6.883322101512803,1,0,10
695,Rabbit,63,Large,22.62322164309456,1,0,14
696,Bird,116,Large,29.872952729058493,0,0,46
697,Dog,62,Medium,20.30386451815283,0,0,75
698,Cat,7,Large,15.310919944113452,1,0,6
699,Dog,155,Medium,27.77204566995868,0,1,21
700,Cat,92,Small,1.4597034247244127,1,0,62
701,Bird,14,Medium,22.16778205928881,1,0,19
702,Bird,86,Small,26.773648987600573,1,0,88
703,Rabbit,133,Small,2.788562925007766,0,0,82
704,Rabbit,130,Large,14.051860942056988,0,0,62
705,Dog,62,Large,6.936864164549968,1,0,83
706,Rabbit,149,Large,17.429026802047073,1,0,53
707,Bird,79,Medium,19.836745799506154,1,0,24
708,Cat,149,Large,9.776072304933896,0,1,56
709,Dog,138,Small,14.339468420664923,0,0,62
710,Rabbit,58,Large,9.100845073020226,0,0,34
711,Rabbit,120,Large,11.7123437691983,1,0,22
712,Bird,167,Medium,5.626658743964284,0,0,68
713,Rabbit,133,Medium,26.681223863983316,0,0,57
714,Bird,65,Small,1.2903019062149563,0,0,10
715,Cat,13,Medium,26.589866406869863,1,0,66
716,Bird,82,Large,17.578687472142416,1,0,8
717,Bird,173,Medium,10.618077481133508,1,0,38
718,Rabbit,160,Small,21.96865663834956,0,0,62
719,Rabbit,164,Large,15.724812404017266,1,0,28
720,Bird,139,Small,15.474151085120589,1,0,10
721,Rabbit,149,Medium,4.1941262046500265,0,1,45
722,Dog,52,Medium,12.295964752416852,0,0,65
723,Rabbit,117,Small,7.990866029845362,1,0,67
724,Rabbit,26,Large,1.45518126229211,0,0,9
725,Bird,34,Medium,11.442889292681285,0,0,5
726,Cat,52,Medium,3.6048417533425376,1,0,10
727,Dog,112,Large,8.448071094030372,1,1,12
728,Rabbit,82,Medium,3.682982014309739,1,0,82
729,Dog,157,Small,3.927307141135567,1,1,58
730,Cat,166,Medium,6.77132753804046,1,0,21
731,Bird,42,Medium,29.995628090105605,1,0,21
732,Cat,21,Large,1.0633401428602145,0,0,65
733,Bird,42,Small,19.521506447491756,1,0,3
734,Bird,141,Large,5.096067242770163,0,0,69
735,Rabbit,113,Medium,27.698215964612498,1,1,89
736,Rabbit,105,Medium,3.715353906675248,1,0,64
737,Cat,17,Large,28.69683242666086,1,1,49
738,Dog,120,Large,18.716865237020865,1,1,72
739,Cat,137,Large,1.0367742305492171,1,1,17
740,Rabbit,169,Small,26.926208739587377,1,0,73
741,Cat,129,Medium,16.12964223964063,1,0,32
742,Dog,130,Large,8.617422324584052,1,0,70
743,Rabbit,60,Medium,23.251096147953277,1,0,21
744,Bird,48,Small,27.87330106271923,1,0,7
745,Bird,29,Small,15.027033871257023,1,0,7
746,Dog,97,Small,10.151050758850216,1,0,27
747,Bird,10,Small,23.87940859411288,0,1,8
748,Bird,58,Medium,20.771779435865184,1,1,73
749,Rabbit,21,Small,26.7738220287579,1,0,28
750,Rabbit,28,Small,21.0829063700746,1,0,79
751,Bird,34,Large,8.062321828086553,1,0,66
752,Rabbit,8,Small,28.018118243011557,1,0,71
753,Rabbit,177,Large,4.040236668973748,0,0,47
754,Cat,79,Small,8.770339753098588,0,0,82
755,Dog,145,Small,16.08564362399268,1,0,86
756,Dog,87,Large,17.40651875605614,0,0,10
757,Rabbit,88,Small,1.4440070121802575,1,0,33
758,Rabbit,173,Medium,23.63660904880726,1,0,7
759,Cat,69,Medium,11.486612234336295,1,1,3
760,Rabbit,160,Small,12.786137689061997,1,0,14
761,Cat,172,Medium,24.471716788671426,0,0,44
762,Bird,87,Large,11.999218360098793,1,0,46
763,Dog,101,Small,2.36952141834789,1,0,61
764,Cat,8,Small,6.116753343640159,1,0,36
765,Cat,77,Large,28.72119199925729,0,0,13
766,Cat,87,Large,3.0417555096729108,1,0,16
767,Bird,43,Large,11.29300482807247,0,0,80
768,Rabbit,129,Small,15.592195844488993,1,0,5
769,Dog,109,Large,15.30514399281824,0,0,89
770,Rabbit,179,Large,1.1148383473521395,0,0,38
771,Dog,152,Medium,15.53371921226722,0,0,50
772,Cat,152,Medium,12.129401281344869,1,0,38
773,Rabbit,17,Small,29.19030072876216,1,1,56
774,Rabbit,133,Medium,5.615613435821065,1,1,63
775,Rabbit,148,Medium,11.270471706025354,1,0,48
776,Rabbit,21,Large,13.164963067604774,1,1,59
777,Rabbit,58,Large,12.330112575927515,1,0,77
778,Bird,159,Medium,20.30909400190401,1,1,44
779,Bird,110,Medium,7.249872868885296,0,0,55
780,Dog,139,Medium,7.411075031605763,1,0,55
781,Rabbit,143,Small,22.14711750652474,1,1,1
782,Rabbit,135,Small,15.50842504166721,1,0,8
783,Bird,28,Small,13.039514605662,1,0,4
784,Bird,51,Medium,5.906888498640303,0,0,85
785,Cat,5,Medium,6.438289464452832,0,0,86
786,Cat,5,Small,1.3059974676611157,1,0,53
787,Cat,94,Small,3.651361796989568,0,0,58
788,Cat,96,Medium,17.14832214601699,0,1,37
789,Bird,8,Large,26.86432077024389,0,0,49
790,Cat,64,Small,9.327778188786166,1,1,67
791,Bird,138,Medium,10.504669550987716,0,1,19
792,Bird,38,Medium,4.352562707733854,1,0,1
793,Cat,111,Large,12.27029742260598,1,0,29
794,Cat,112,Medium,2.079429432510546,1,1,87
795,Rabbit,81,Medium,27.610420191595107,0,0,33
796,Bird,136,Small,20.52022909561133,1,0,52
797,Rabbit,104,Small,29.731715472403348,1,0,41
798,Dog,153,Large,26.60187171767632,1,0,23
799,Rabbit,73,Large,14.716727217246428,1,0,5
800,Dog,178,Medium,16.070865903360932,1,0,71
801,Rabbit,49,Small,6.526705348998622,0,0,57
802,Bird,36,Large,14.399140942347112,1,0,6
803,Rabbit,126,Large,27.18780833129154,1,1,49
804,Dog,68,Large,2.4747492854388127,0,0,22
805,Rabbit,78,Medium,26.043147286950983,1,1,77
806,Rabbit,105,Small,10.887486247635682,1,0,76
807,Cat,169,Large,27.085870187792985,0,0,4
808,Cat,122,Small,28.28551728390305,0,0,72
809,Cat,119,Large,20.455081723055272,0,1,64
810,Rabbit,114,Large,20.268289811187657,1,0,37
811,Dog,10,Small,14.12987579355346,0,0,31
812,Rabbit,149,Small,25.23066651176752,0,1,37
813,Dog,164,Small,28.886769994565213,0,0,45
814,Cat,140,Medium,23.477372209834456,1,0,8
815,Bird,91,Large,19.03616527894457,1,0,40
816,Bird,2,Medium,18.59699397881877,1,1,5
817,Rabbit,118,Small,25.634627145926206,0,0,28
818,Dog,13,Large,16.69490920736765,1,0,81
819,Dog,160,Medium,24.311936701215856,1,1,87
820,Rabbit,95,Large,15.757672400053128,1,0,9
821,Bird,144,Medium,2.8108839742438,1,0,2
822,Dog,32,Small,12.1344632582205,1,0,63
823,Rabbit,32,Medium,13.888787772473464,1,0,51
824,Cat,124,Large,5.106900104611899,0,0,31
825,Cat,11,Large,3.9723935464871714,1,1,7
826,Cat,10,Large,16.52848354005167,1,0,30
827,Bird,15,Large,3.469165460126382,1,0,58
828,Rabbit,17,Small,9.785409868812437,1,0,3
829,Cat,168,Medium,22.593312302929203,1,0,51
830,Cat,146,Small,28.96853320747144,0,0,56
831,Bird,153,Small,21.81824683600593,0,0,73
832,Cat,59,Small,29.78614090513324,1,0,10
833,Cat,78,Large,21.25180116710268,1,0,61
834,Bird,124,Large,9.520039648975498,0,0,50
835,Cat,114,Large,20.48952367465549,0,0,47
836,Cat,22,Medium,21.36254619071021,1,1,1
837,Rabbit,158,Large,11.780082553877357,1,0,57
838,Dog,172,Medium,1.5137016676722814,1,0,38
839,Bird,32,Large,21.39279375848912,1,1,62
840,Cat,179,Large,1.629302762990707,1,0,79
841,Bird,174,Small,19.304454263742063,1,0,89
842,Dog,113,Small,5.744878173534097,1,0,70
843,Bird,120,Small,17.402502304693257,1,0,82
844,Cat,149,Medium,15.6134777360374,1,0,65
845,Cat,122,Medium,1.3918956268792946,1,1,62
846,Rabbit,32,Large,11.523108692858,1,0,56
847,Dog,119,Medium,18.43164385449278,1,0,67
848,Bird,39,Large,25.60959000506461,0,0,17
849,Dog,12,Medium,26.770621301259,0,1,8
850,Rabbit,175,Medium,15.031649130963476,0,0,60
851,Dog,18,Medium,22.124252131683708,0,1,40
852,Rabbit,149,Small,10.177182719470272,0,0,81
853,Cat,141,Medium,10.923405767001066,1,0,89
854,Bird,149,Small,6.639442056287098,1,0,62
855,Bird,126,Small,17.296495189803938,1,0,41
856,Bird,136,Medium,10.122360376893592,0,0,12
857,Rabbit,46,Large,3.446755996716646,1,0,89
858,Cat,104,Large,20.865176513232186,1,0,54
859,Rabbit,135,Large,21.524843020556546,1,0,89
860,Bird,151,Medium,11.439780144592678,1,1,11
861,Bird,86,Large,3.224978584224661,0,1,60
862,Cat,150,Small,13.362633804699351,0,0,68
863,Dog,89,Large,13.82772828345625,1,0,78
864,Bird,22,Medium,20.391455662038897,0,0,46
865,Cat,92,Large,10.14707534650182,1,0,38
866,Cat,29,Small,20.79537911365786,1,1,61
867,Cat,13,Medium,26.273167710964263,0,0,17
868,Dog,2,Large,7.887095228503795,0,1,66
869,Cat,29,Medium,29.38866712747709,1,1,72
870,Cat,27,Medium,12.2046759769674,1,1,36
871,Rabbit,50,Medium,8.750501869264792,1,0,74
872,Dog,95,Large,13.223824292798424,0,0,7
873,Rabbit,151,Medium,3.737526801211916,0,0,16
874,Dog,88,Large,4.645471288851354,0,0,14
875,Bird,44,Small,13.018587362081613,0,0,80
876,Rabbit,22,Large,23.110891136233903,1,0,25
877,Cat,171,Small,27.10905494766024,0,0,4
878,Rabbit,165,Large,20.279721730771858,1,0,29
879,Rabbit,97,Medium,4.051367101906922,1,0,56
880,Cat,3,Large,20.48857310323552,0,0,6
881,Bird,118,Medium,19.427409700386185,1,0,1
882,Bird,19,Small,24.367153630506607,1,0,39
883,Rabbit,23,Large,24.932211332913244,1,0,1
884,Rabbit,157,Medium,26.17788919759039,1,0,63
885,Rabbit,30,Small,13.009813922793851,1,0,57
886,Dog,39,Small,21.238067465212183,1,0,67
887,Rabbit,108,Large,8.779260408747012,1,0,65
888,Cat,111,Small,29.980752119521625,1,0,65
889,Bird,25,Medium,6.084692999928938,1,0,21
890,Dog,128,Small,1.2933185181642384,1,0,30
891,Bird,111,Small,5.315452721027104,1,0,33
892,Rabbit,136,Medium,23.500296396779675,1,0,48
893,Cat,106,Small,13.956726618738132,1,1,22
894,Cat,144,Small,13.97750718650242,0,0,54
895,Cat,72,Small,28.695664668738388,1,1,4
896,Cat,129,Small,27.669412332814154,1,0,87
897,Bird,108,Medium,10.024647396316269,1,0,55
898,Dog,5,Small,7.062685734645118,1,0,44
899,Dog,3,Medium,25.60598408807845,1,0,89
900,Cat,132,Small,27.27455306028653,1,0,12
901,Bird,104,Small,16.70631076115612,0,0,81
902,Cat,64,Small,19.253287622395916,1,0,79
903,Cat,106,Small,8.450514256076508,1,0,74
904,Rabbit,98,Medium,24.223277951377213,1,0,52
905,Dog,10,Medium,19.33155042502167,1,1,76
906,Dog,149,Medium,15.601891827641902,1,0,65
907,Rabbit,128,Large,2.743148126273479,0,0,65
908,Dog,46,Small,27.562113912823456,0,0,10
909,Rabbit,155,Small,18.848091191147773,1,0,18
910,Bird,66,Medium,6.588041746096071,0,1,47
911,Dog,169,Large,18.58519739250853,1,0,66
912,Dog,112,Small,20.64643727295923,1,0,49
913,Bird,13,Medium,16.24733976381354,1,0,72
914,Rabbit,137,Small,21.824950400724653,0,0,22
915,Cat,164,Small,17.8621644899301,1,0,86
916,Bird,86,Medium,28.4853178789323,1,1,26
917,Dog,90,Medium,2.557215279379898,1,0,9
918,Dog,58,Small,4.081125545617255,1,1,21
919,Cat,54,Small,6.036477471675855,0,1,63
920,Dog,12,Medium,21.01496104752563,1,0,6
921,Dog,14,Small,19.72228030974445,1,0,14
922,Cat,121,Small,26.869706946081127,1,0,33
923,Rabbit,162,Medium,22.25344613363305,1,0,71
924,Dog,121,Small,15.742309139373177,1,0,24
925,Cat,20,Small,29.76312198144528,0,1,73
926,Dog,75,Large,8.717130728909677,0,0,75
927,Rabbit,144,Medium,25.16255813377817,1,0,87
928,Dog,70,Large,13.37692079362366,1,0,51
929,Cat,56,Large,19.813319027396293,0,0,2
930,Bird,101,Large,22.090785643120583,1,1,15
931,Cat,132,Small,19.378868528519757,1,0,35
932,Cat,111,Small,5.074711790149205,1,0,36
933,Rabbit,125,Large,13.84557931169005,1,0,39
934,Cat,132,Large,17.281712960060606,1,1,4
935,Bird,20,Large,25.622269016179303,1,0,64
936,Cat,138,Small,13.865726715158598,1,1,74
937,Bird,24,Large,27.643671839323293,1,0,6
938,Cat,154,Large,13.77085246773111,1,0,57
939,Dog,37,Medium,16.914615918627337,0,0,30
940,Dog,54,Medium,24.09228480534123,0,0,74
941,Cat,103,Small,17.908962848242165,1,0,67
942,Rabbit,149,Medium,28.846324099101917,1,0,15
943,Rabbit,38,Medium,20.1497390849097,1,0,17
944,Rabbit,174,Medium,16.15857416796043,1,0,18
945,Bird,4,Small,1.68416706564308,1,0,19
946,Rabbit,57,Medium,12.998254029829566,1,0,76
947,Rabbit,173,Small,9.678204158544652,1,0,88
948,Rabbit,20,Large,22.69506436873719,1,0,69
949,Cat,17,Medium,7.040052579452828,0,0,24
950,Rabbit,119,Small,6.951382531528083,1,0,48
951,Dog,71,Medium,6.496052253883927,1,0,30
952,Dog,4,Large,4.642852781530841,1,1,15
953,Bird,14,Small,10.019203106455734,1,0,47
954,Dog,3,Small,26.691741318859325,1,0,44
955,Dog,80,Small,23.472925696872693,1,1,27
956,Rabbit,55,Large,22.32228527289701,1,1,84
957,Cat,132,Large,24.12276736384892,0,0,64
958,Rabbit,120,Large,8.813118790557578,1,1,41
959,Dog,24,Small,26.735809031822143,0,0,68
960,Rabbit,162,Large,4.981797879106527,1,0,5
961,Bird,158,Medium,10.754026074751875,0,0,53
962,Cat,82,Large,18.015695450052945,1,0,8
963,Dog,147,Small,3.984247561918018,0,0,22
964,Cat,159,Medium,22.173775445516323,0,1,7
965,Bird,60,Large,12.230135397900774,1,1,22
966,Dog,147,Medium,23.747764302643603,1,0,46
967,Rabbit,49,Medium,15.29399228195348,0,0,30
968,Dog,63,Small,6.245361208334755,1,0,16
969,Cat,110,Medium,22.308092529304982,1,0,79
970,Cat,150,Medium,8.312174719329363,1,0,5
971,Bird,152,Small,15.233498736773242,0,0,67
972,Dog,109,Small,3.1904648055503206,1,1,23
973,Rabbit,76,Small,18.918132977949064,0,0,61
974,Cat,30,Medium,20.30987522027204,1,0,74
975,Cat,58,Medium,11.981552089210725,0,0,5
976,Bird,117,Medium,28.678260629311144,1,0,23
977,Dog,159,Small,26.350898722979984,0,1,79
978,Dog,100,Large,21.53028655645985,1,0,82
979,Dog,19,Medium,21.695910160318537,1,0,25
980,Dog,176,Large,8.319649733322386,0,0,8
981,Rabbit,173,Small,20.04764170156502,0,0,21
982,Rabbit,94,Medium,6.74798169183007,1,0,2
983,Bird,113,Large,5.176093493674841,1,0,22
984,Dog,146,Medium,29.984568931874826,1,0,72
985,Rabbit,63,Medium,19.04890201272205,1,0,87
986,Rabbit,116,Medium,13.498648307058524,1,0,72
987,Cat,113,Large,9.356771163634589,1,0,68
988,Bird,47,Small,18.513692866204597,0,0,64
989,Rabbit,57,Medium,2.4382117383824977,1,0,19
990,Rabbit,118,Small,3.7457487246390566,0,1,87
991,Bird,45,Small,1.952844234471494,1,0,82
992,Cat,161,Large,15.475925164617191,1,0,53
993,Dog,145,Large,18.417592246428296,1,0,87
994,Bird,4,Small,2.811913079376805,1,0,52
995,Dog,148,Medium,21.91550955746858,1,0,47
996,Dog,47,Large,7.681457073922368,1,1,82
997,Dog,143,Medium,20.87084215932612,0,0,54
998,Dog,47,Medium,29.47501706102212,1,0,44
999,Cat,78,Medium,21.042070231561684,1,0,7
1000,Rabbit,124,Small,26.612598534784645,1,1,1
1001,Dog,75,Medium,28.497756695548954,0,0,63
1002,Dog,103,Small,15.115780402217151,0,0,39
1003,Bird,137,Small,21.367424403171498,0,1,19
1004,Dog,90,Medium,25.70710835311941,0,0,31
1005,Dog,144,Medium,11.341658473357198,1,0,77
1006,Rabbit,69,Medium,8.580522180251451,1,0,24
1007,Dog,61,Medium,28.451358610571823,1,0,69
1008,Rabbit,138,Small,22.06280151069572,1,0,87
1009,Cat,50,Medium,7.370781867898963,1,0,83
1010,Rabbit,3,Medium,14.02341838760729,0,0,65
1011,Rabbit,107,Small,24.097101316596472,1,1,33
1012,Bird,113,Large,16.86482673663482,1,1,59
1013,Cat,94,Large,19.848610846810782,0,0,33
1014,Rabbit,118,Small,22.85927785930652,1,0,32
1015,Dog,81,Large,19.03826647546044,1,0,59
1016,Bird,109,Small,16.662300335743677,0,0,41
1017,Rabbit,51,Medium,22.73881424724543,0,0,12
1018,Dog,147,Medium,22.09932802753382,1,0,73
1019,Dog,170,Large,19.266299605312188,0,0,11
1020,Bird,35,Medium,11.43389298807596,1,0,19
1021,Rabbit,46,Large,12.768550673807876,0,0,54
1022,Dog,154,Large,29.142717917638823,1,0,57
1023,Dog,69,Medium,4.259192036454249,1,0,42
1024,Cat,93,Medium,8.786642600332225,1,0,71
1025,Bird,64,Large,15.279651016925737,1,0,31
1026,Cat,165,Medium,25.26516089816979,0,0,52
1027,Cat,49,Small,5.746594248162108,1,0,2
1028,Bird,149,Medium,9.031683925613686,1,0,83
1029,Bird,74,Medium,2.90814831606193,0,0,38
1030,Dog,5,Small,21.473572715473736,0,0,32
1031,Bird,100,Medium,7.9080736287928675,1,1,10
1032,Cat,70,Medium,12.271567769457564,1,0,8
1033,Rabbit,90,Large,13.867341963860367,1,0,75
1034,Dog,4,Medium,26.848104132587213,1,0,20
1035,Cat,126,Medium,12.928578419605866,1,1,20
1036,Dog,39,Small,5.211525577542223,1,0,9
1037,Cat,163,Large,16.205133211863508,1,0,72
1038,Cat,129,Large,28.92578184481026,0,0,15
1039,Rabbit,24,Large,18.62288359047352,1,0,88
1040,Cat,57,Medium,29.51822939335661,1,0,63
1041,Cat,100,Large,25.392111959227236,1,0,21
1042,Cat,70,Small,2.0430069301889717,1,1,5
1043,Dog,41,Large,20.09358826593421,1,0,35
1044,Dog,174,Small,9.316239449178626,1,1,85
1045,Bird,60,Large,17.22888881369699,0,0,68
1046,Rabbit,108,Large,9.101010537005571,0,1,48
1047,Rabbit,57,Small,11.11724208155342,1,0,80
1048,Dog,31,Large,27.7718926408712,1,0,62
1049,Cat,84,Large,6.992652361859454,0,1,35
1050,Dog,152,Large,26.349164422749084,1,1,70
1051,Bird,36,Medium,1.8832764340444077,0,0,21
1052,Dog,158,Small,3.635419612719802,1,0,80
1053,Rabbit,152,Large,25.78557620014364,1,1,39
1054,Rabbit,108,Small,19.286124896366665,1,0,34
1055,Cat,106,Small,22.66984800314696,0,0,15
1056,Bird,158,Small,7.073112453833773,1,1,6
1057,Bird,86,Large,16.575420212113002,1,0,66
1058,Dog,135,Large,22.37935748356784,1,0,88
1059,Bird,163,Small,19.19210997329761,1,0,56
1060,Bird,14,Medium,14.679264239845075,1,0,49
1061,Cat,120,Small,28.83372980669373,1,0,1
1062,Bird,138,Medium,20.608562670149915,0,1,65
1063,Bird,80,Small,27.3247732069959,1,0,28
1064,Cat,144,Small,22.16334483563676,1,1,20
1065,Dog,106,Small,22.32844232933281,1,1,48
1066,Cat,70,Large,3.3205298229727007,0,0,72
1067,Cat,44,Medium,11.424474033764364,0,0,65
1068,Rabbit,73,Medium,25.892712794870096,0,0,51
1069,Rabbit,45,Small,7.745512002313922,1,0,43
1070,Rabbit,107,Large,4.349670118537519,1,0,49
1071,Dog,84,Large,10.457075642525009,1,0,25
1072,Dog,82,Medium,7.392698661885805,1,0,74
1073,Dog,107,Large,27.8333576490015,0,0,76
1074,Dog,21,Medium,26.171032618061805,1,0,41
1075,Dog,178,Medium,15.49081367820422,1,0,71
1076,Rabbit,161,Medium,2.7789723600321725,1,0,64
1077,Dog,7,Large,21.72230803670153,1,0,61
1078,Rabbit,70,Medium,19.078940208751675,1,0,12
1079,Dog,127,Medium,29.146085451126385,1,0,81
1080,Dog,143,Small,17.209643967840933,0,0,69
1081,Cat,160,Medium,10.755417978684372,1,0,14
1082,Dog,148,Medium,16.05162911377812,1,0,34
1083,Dog,143,Small,29.39863545073097,1,0,48
1084,Dog,176,Small,21.194510543457884,0,0,61
1085,Dog,149,Large,20.48730799988448,0,0,81
1086,Rabbit,170,Medium,7.979766102050676,1,0,35
1087,Dog,154,Large,22.564473009257917,1,1,65
1088,Bird,120,Large,22.75788305468138,1,0,59
1089,Rabbit,128,Small,10.201380529501254,0,1,36
1090,Dog,142,Large,15.027701139330684,0,0,79
1091,Bird,57,Medium,9.543496655273223,1,0,19
1092,Dog,165,Small,8.502447039404313,1,0,42
1093,Cat,58,Medium,1.7509860372350694,1,0,69
1094,Bird,21,Medium,9.271140594946631,1,0,19
1095,Dog,82,Small,17.06512854646997,1,0,39
1096,Cat,69,Medium,1.046434438921836,0,0,69
1097,Bird,131,Small,9.213353430480357,0,0,52
1098,Rabbit,87,Medium,26.56089963737425,1,0,12
1099,Bird,165,Small,18.215808968113464,1,0,83
1100,Dog,49,Large,18.628021898348432,0,0,47
1101,Rabbit,147,Medium,12.697564845764244,1,0,76
1102,Cat,115,Small,20.61769216127992,1,1,36
1103,Rabbit,89,Medium,6.508050220680415,0,0,63
1104,Rabbit,85,Medium,24.74365750114156,0,0,76
1105,Cat,128,Medium,4.383984478141095,0,0,82
1106,Rabbit,140,Small,20.02403928494017,1,1,51
1107,Rabbit,169,Large,10.893330448770808,0,0,43
1108,Dog,161,Large,22.677876146891823,1,0,34
1109,Rabbit,178,Large,16.94317198671458,1,0,49
1110,Rabbit,117,Small,14.11823811588277,0,0,18
1111,Cat,127,Large,5.913249660704163,0,0,61
1112,Cat,71,Small,19.467822464246236,0,0,57
1113,Cat,86,Medium,29.268325459191978,1,1,5
1114,Rabbit,33,Medium,24.942499322303437,0,0,89
1115,Dog,81,Large,2.740237585081342,0,0,24
1116,Rabbit,152,Small,11.91065197247454,1,0,64
1117,Rabbit,61,Medium,27.84190726651788,0,0,59
1118,Bird,61,Small,15.588268679153622,1,0,38
1119,Cat,98,Small,20.2012429484372,1,0,33
1120,Dog,28,Medium,27.46538102215032,1,0,10
1121,Dog,43,Small,26.34004602217654,1,0,37
1122,Rabbit,169,Medium,15.552790890674816,0,0,87
1123,Dog,167,Medium,13.69174277707046,1,0,11
1124,Dog,86,Medium,10.851085935908026,1,0,24
1125,Bird,177,Small,21.85156385172384,1,0,88
1126,Dog,17,Medium,9.322617184674757,0,1,71
1127,Cat,98,Small,8.246740586496104,1,0,21
1128,Rabbit,98,Medium,11.331246943509624,0,0,20
1129,Dog,65,Medium,6.139236649484968,1,1,10
1130,Dog,74,Large,21.158474662427253,1,0,89
1131,Cat,85,Large,18.87097883058776,0,1,47
1132,Cat,5,Large,15.003477489359463,1,0,47
1133,Bird,2,Small,12.319447598585086,1,0,15
1134,Dog,22,Small,27.36281374400521,1,0,44
1135,Bird,112,Medium,1.8445897646840528,1,1,62
1136,Rabbit,57,Medium,23.304124561711674,1,0,6
1137,Dog,66,Medium,27.15537758071777,1,1,66
1138,Dog,74,Medium,13.944282803467852,0,0,76
1139,Rabbit,98,Small,16.970024252648756,1,1,4
1140,Bird,144,Medium,28.3894469485791,0,0,23
1141,Dog,112,Medium,7.156047943279918,1,0,13
1142,Dog,179,Large,16.08391058575586,1,1,81
1143,Bird,125,Medium,14.766912686718172,1,1,31
1144,Dog,167,Medium,8.493386788240732,1,0,16
1145,Bird,86,Medium,24.73920368082013,1,0,41
1146,Bird,76,Small,27.08841724813384,1,0,1
1147,Dog,88,Large,23.676044813858056,1,0,12
1148,Dog,168,Medium,6.665409864609643,1,0,56
1149,Dog,38,Medium,3.515710429540065,1,0,50
1150,Bird,59,Large,18.557890073854928,1,0,20
1151,Dog,138,Medium,2.655748054786634,0,0,66
1152,Rabbit,99,Small,20.51195076818444,1,0,36
1153,Bird,63,Medium,16.382302389490036,1,0,79
1154,Cat,49,Small,20.220786249566245,1,0,38
1155,Dog,32,Small,18.11495243584257,1,0,22
1156,Bird,135,Medium,13.258374516288011,1,0,61
1157,Dog,21,Large,6.82543822406662,1,0,50
1158,Bird,20,Small,9.865361938504169,1,0,59
1159,Dog,154,Large,16.210516652350314,0,1,20
1160,Dog,127,Medium,19.90417471578057,1,0,36
1161,Dog,68,Small,23.605007489651324,1,1,15
1162,Cat,110,Medium,23.247950835022763,0,0,62
1163,Dog,116,Large,29.207973554571478,1,0,3
1164,Cat,143,Medium,9.289402011238874,1,0,5
1165,Cat,120,Medium,3.062210538189667,1,0,56
1166,Bird,79,Small,11.02405113071392,1,0,31
1167,Dog,116,Medium,22.555539781498226,1,0,86
1168,Rabbit,92,Medium,13.70523787996556,1,0,35
1169,Cat,14,Medium,24.715864487093164,1,0,71
1170,Dog,155,Small,16.930464590394436,1,0,70
1171,Rabbit,125,Large,27.963959956284587,1,0,26
1172,Bird,168,Large,28.488039817973,1,0,1
1173,Rabbit,58,Medium,3.0098306745437124,1,1,83
1174,Bird,28,Small,14.235989751660306,1,0,7
1175,Cat,26,Medium,18.68098277623747,1,0,36
1176,Cat,113,Large,8.42030368355417,1,0,76
1177,Cat,66,Small,12.805226601990428,1,1,84
1178,Bird,153,Large,20.65276469241325,1,0,87
1179,Cat,131,Large,7.575292580052482,1,0,25
1180,Dog,44,Small,18.45745923625912,1,0,59
1181,Rabbit,97,Small,21.22598701676488,1,0,61
1182,Dog,42,Medium,3.624393021780136,1,0,29
1183,Cat,6,Medium,15.42835016479613,1,0,18
1184,Dog,167,Large,8.629320867801532,1,1,41
1185,Rabbit,23,Small,22.00720432394329,0,0,19
1186,Bird,89,Small,6.497109747571274,1,0,4
1187,Bird,123,Medium,26.87489955060509,1,0,65
1188,Bird,178,Large,13.49729875903148,1,0,41
1189,Bird,171,Large,6.742087878919052,1,0,15
1190,Dog,147,Medium,13.70263209415955,1,0,54
1191,Cat,51,Small,12.853569121447308,1,0,64
1192,Bird,11,Medium,13.4386498253176,1,0,72
1193,Bird,12,Medium,17.98127751142596,0,0,15
1194,Bird,74,Medium,16.114038022492586,1,0,79
1195,Cat,8,Medium,5.343536818746178,1,0,50
1196,Rabbit,152,Small,2.901793106752453,1,0,22
1197,Cat,41,Medium,22.153048013069675,0,0,18
1198,Cat,164,Small,17.231805641921092,0,0,80
1199,Cat,85,Medium,11.411022274298649,1,0,2
1200,Bird,72,Large,24.44237685244414,0,0,36
1201,Bird,55,Small,12.253695753567753,0,0,20
1202,Bird,137,Large,24.082987598417617,0,0,16
1203,Bird,47,Medium,9.866927697858866,1,1,67
1204,Cat,143,Medium,3.1125136288107926,1,0,30
1205,Dog,176,Medium,28.046551120197943,0,0,55
1206,Dog,104,Small,12.441982749159822,0,0,66
1207,Rabbit,42,Large,23.98808461263196,1,0,26
1208,Cat,60,Small,9.09517986344683,1,1,57
1209,Cat,12,Small,19.744588251586023,0,0,69
1210,Dog,130,Medium,26.32601532447412,1,0,2
1211,Dog,7,Large,2.2076766478594294,1,0,56
1212,Rabbit,80,Medium,25.088437175896587,1,1,84
1213,Dog,131,Small,17.56865714418593,1,0,62
1214,Dog,109,Medium,18.616680863348503,1,1,34
1215,Cat,3,Large,16.171582023373496,1,0,56
1216,Dog,27,Medium,26.35977799522563,1,0,55
1217,Dog,114,Large,2.259567359833486,1,0,20
1218,Bird,107,Large,8.569823354539595,1,1,50
1219,Bird,40,Medium,26.397113626915505,1,1,25
1220,Rabbit,161,Small,22.818025373426725,1,0,84
1221,Bird,129,Medium,1.5117096451795695,1,0,25
1222,Bird,8,Small,15.993182213081552,0,0,53
1223,Bird,101,Small,16.357607740667568,1,0,14
1224,Dog,160,Medium,12.6255819187094,0,0,60
1225,Bird,124,Small,9.6244066297977,0,0,43
1226,Rabbit,176,Small,20.77002066195792,0,0,62
1227,Bird,107,Medium,7.02592347643786,1,0,76
1228,Bird,101,Medium,24.169508300079475,0,0,69
1229,Cat,4,Medium,24.288077662256683,1,0,63
1230,Rabbit,110,Small,13.042581689611795,1,1,2
1231,Rabbit,19,Large,9.222892316379784,1,0,54
1232,Rabbit,32,Small,9.232467266130683,1,0,16
1233,Rabbit,137,Large,14.986448395890092,1,0,55
1234,Rabbit,12,Medium,21.867797517731404,1,0,43
1235,Dog,139,Large,11.407192038821904,1,0,61
1236,Rabbit,46,Medium,18.691257018274797,1,0,38
1237,Bird,119,Medium,12.092049356895236,1,0,45
1238,Bird,16,Large,9.831172485390116,1,1,51
1239,Dog,129,Medium,1.7209259615580308,1,0,42
1240,Dog,63,Large,1.1135090663263283,0,0,24
1241,Bird,109,Medium,7.58902265712813,1,1,30
1242,Bird,119,Small,12.785782317228868,1,0,37
1243,Dog,21,Small,25.68657385349975,1,0,53
1244,Cat,158,Medium,24.156043044982336,1,1,63
1245,Cat,13,Medium,8.747792615051708,1,0,11
1246,Cat,162,Large,8.09167284654468,1,0,78
1247,Cat,4,Small,7.592340061030796,0,1,23
1248,Dog,156,Large,10.837882875337144,0,0,80
1249,Rabbit,102,Medium,15.447762867288876,0,1,50
1250,Cat,59,Medium,13.72136538891569,1,0,85
1251,Cat,128,Large,7.329922764663319,1,0,55
1252,Cat,27,Medium,4.783090888364923,1,0,55
1253,Dog,69,Small,1.3647565620996662,1,1,4
1254,Dog,25,Large,5.464933921328612,1,0,54
1255,Dog,131,Small,21.455334735629428,1,0,61
1256,Dog,97,Small,8.065518511021905,1,0,78
1257,Bird,25,Small,14.589452493523783,1,0,83
1258,Rabbit,148,Large,18.147733318774097,1,0,5
1259,Cat,162,Medium,26.718386182116607,0,1,18
1260,Bird,154,Small,26.776797853409164,1,0,44
1261,Rabbit,126,Small,22.62627827675941,1,0,31
1262,Dog,133,Small,2.019552769406541,0,0,21
1263,Cat,9,Medium,17.677042153477032,1,0,47
1264,Dog,116,Medium,23.810920654113687,1,0,30
1265,Bird,178,Large,1.501353298137533,1,0,55
1266,Dog,134,Medium,16.94085379604077,0,0,68
1267,Bird,60,Large,25.87516022779485,1,0,69
1268,Bird,172,Large,14.748960199425742,1,0,41
1269,Rabbit,121,Large,1.119079884026005,0,0,45
1270,Cat,139,Large,1.3193873917326164,1,0,74
1271,Cat,175,Large,13.082445084998763,0,1,80
1272,Bird,108,Small,5.495251355085882,0,0,30
1273,Cat,108,Medium,20.269069055704527,0,0,77
1274,Cat,131,Small,21.555178682278463,0,0,85
1275,Cat,76,Large,6.15851406835823,1,0,45
1276,Bird,30,Medium,26.76746536721006,0,0,45
1277,Rabbit,21,Small,13.81532750438885,1,0,79
1278,Bird,156,Small,5.142531320165788,1,0,84
1279,Bird,161,Large,23.16329634401247,1,0,84
1280,Bird,163,Small,23.90926050048641,1,0,45
1281,Bird,34,Small,19.53956870729827,1,0,55
1282,Bird,41,Small,25.75050104287404,1,0,59
1283,Cat,51,Small,22.38381618888947,0,0,5
1284,Bird,175,Small,26.583966379582726,1,0,32
1285,Rabbit,82,Large,13.582753406078904,1,1,6
1286,Dog,58,Large,22.68031671488383,1,1,26
1287,Cat,75,Small,29.992795339442285,0,0,37
1288,Bird,23,Large,22.02300472806896,1,0,13
1289,Bird,176,Large,4.311329626876833,1,0,69
1290,Bird,128,Medium,16.031242950446305,1,0,25
1291,Rabbit,150,Small,18.03308594604781,1,0,13
1292,Dog,17,Large,6.052109577070339,0,1,88
1293,Dog,69,Large,28.92385739116309,1,0,20
1294,Bird,108,Small,6.091813551403873,0,1,72
1295,Dog,139,Medium,6.14917967168346,0,0,60
1296,Bird,94,Small,27.539847001262093,1,0,73
1297,Cat,15,Medium,14.49095756052846,0,0,21
1298,Cat,91,Small,2.83246009896097,0,1,61
1299,Dog,163,Small,18.347437498217328,0,0,84
1300,Dog,33,Small,18.452964110358387,1,0,79
1301,Rabbit,125,Small,2.870522001910292,1,1,26
1302,Cat,16,Medium,29.2031523733762,1,0,54
1303,Dog,162,Medium,16.776868993542692,1,0,42
1304,Cat,66,Large,17.234075943213163,0,0,11
1305,Rabbit,168,Small,16.08334702056944,1,0,37
1306,Bird,156,Medium,18.71122160969398,1,0,11
1307,Cat,47,Medium,8.664692830438893,1,0,27
1308,Bird,167,Medium,9.329999091270384,0,0,83
1309,Rabbit,148,Small,15.82883360408785,0,0,34
1310,Rabbit,124,Large,24.39388978814381,1,0,38
1311,Dog,1,Medium,2.446072718331187,1,0,61
1312,Cat,87,Small,18.49872215438713,1,1,87
1313,Dog,128,Medium,24.396566132683105,1,1,53
1314,Rabbit,67,Medium,5.550600889079588,0,0,65
1315,Cat,4,Large,1.4356537174364226,1,0,3
1316,Cat,153,Medium,10.068685559102285,1,0,67
1317,Rabbit,47,Medium,18.056167495158345,0,0,28
1318,Bird,38,Small,5.010212028737684,0,0,14
1319,Dog,143,Small,13.35754875820208,0,0,52
1320,Dog,21,Large,17.01732342385406,0,0,30
1321,Dog,57,Small,18.3676097479622,1,0,58
1322,Cat,117,Small,8.957939909010879,1,0,54
1323,Cat,46,Large,12.60085944360245,1,0,69
1324,Bird,142,Medium,23.571837642959203,1,0,15
1325,Rabbit,145,Large,28.29522612949988,1,0,38
1326,Rabbit,39,Small,25.99452960242946,1,0,78
1327,Cat,137,Large,17.364221550269527,0,1,14
1328,Cat,99,Medium,12.89849128537445,1,0,57
1329,Cat,77,Large,10.655741816771128,1,0,59
1330,Rabbit,115,Small,4.623740416436524,0,0,8
1331,Bird,134,Small,4.089986169267276,1,0,72
1332,Dog,151,Large,20.962371122496076,1,0,19
1333,Bird,91,Medium,8.534038068963651,1,0,32
1334,Bird,98,Large,8.385188906540957,0,0,29
1335,Bird,120,Medium,29.947656579855785,1,0,41
1336,Rabbit,46,Medium,6.449852778340067,1,0,75
1337,Dog,38,Large,5.29373302517606,0,0,45
1338,Cat,142,Medium,3.861871605037698,0,0,13
1339,Rabbit,100,Small,17.81435500983709,1,1,27
1340,Rabbit,72,Large,19.20805095406094,0,0,19
1341,Bird,35,Medium,11.591609861449577,1,0,26
1342,Rabbit,147,Small,16.526986729832565,1,0,53
1343,Bird,30,Large,23.863586397402464,0,0,51
1344,Cat,78,Small,24.725020881330703,0,0,37
1345,Dog,84,Small,28.7794501957538,1,0,9
1346,Rabbit,113,Small,24.903771591763363,0,0,52
1347,Cat,25,Medium,17.380401664805373,0,0,54
1348,Cat,168,Large,6.210052009268534,1,1,3
1349,Cat,88,Large,3.8931431733824295,1,0,69
1350,Bird,14,Medium,2.580844807414917,1,0,8
1351,Rabbit,154,Large,20.32924912177613,0,0,14
1352,Cat,102,Small,24.4185514065418,1,0,3
1353,Dog,150,Large,15.751834569838293,1,0,24
1354,Cat,176,Medium,2.586711070175558,1,1,13
1355,Cat,83,Small,16.528646663148805,1,0,43
1356,Bird,110,Medium,28.13672858421196,0,0,29
1357,Rabbit,179,Small,18.330782537041355,1,1,72
1358,Dog,131,Small,24.47339716542163,1,0,51
1359,Rabbit,170,Large,24.204426803360768,1,0,42
1360,Bird,19,Small,28.03174389363893,1,0,31
1361,Dog,28,Medium,23.336634203846327,1,0,63
1362,Cat,173,Large,22.6833149063796,0,0,26
1363,Cat,71,Medium,7.788977284148577,1,0,18
1364,Cat,63,Small,2.737829504311362,0,0,82
1365,Bird,73,Medium,16.010384486560426,1,0,57
1366,Rabbit,124,Medium,4.608592030455901,1,0,7
1367,Dog,119,Small,28.903680412061743,1,0,48
1368,Bird,121,Large,9.407818116357827,0,0,80
1369,Dog,19,Medium,25.7353818981445,1,0,60
1370,Cat,175,Small,12.24111413087132,1,0,33
1371,Cat,142,Large,10.372633245863945,1,0,3
1372,Bird,120,Large,28.11959859892201,0,0,4
1373,Cat,166,Large,11.536354590500496,1,1,4
1374,Cat,61,Medium,12.318349351230957,0,0,42
1375,Rabbit,164,Medium,4.076661608774366,0,0,9
1376,Cat,168,Medium,20.44295329319277,0,1,51
1377,Dog,30,Large,9.37634301984789,0,0,17
1378,Dog,9,Medium,17.98252086734571,1,0,17
1379,Dog,64,Small,18.149199417543077,1,0,20
1380,Bird,161,Medium,21.856791172277244,1,0,14
1381,Bird,120,Medium,22.612003099000795,0,0,22
1382,Rabbit,52,Large,15.919120597644644,1,0,52
1383,Cat,89,Medium,10.598766480498687,1,0,27
1384,Bird,142,Small,25.286075950207284,0,0,43
1385,Cat,53,Large,9.986103832846055,1,0,3
1386,Dog,78,Small,15.717763739610612,1,0,88
1387,Cat,41,Large,12.636324912908114,1,0,8
1388,Rabbit,68,Large,25.797273193120954,1,0,86
1389,Cat,8,Medium,13.525637403229036,1,1,89
1390,Dog,2,Small,12.196876476287043,0,0,10
1391,Dog,105,Large,21.004887094031485,1,0,29
1392,Rabbit,125,Medium,18.47079218598184,0,0,40
1393,Bird,110,Large,4.1101581713795365,1,1,65
1394,Bird,86,Large,15.736895383974934,1,0,21
1395,Dog,169,Large,22.32887326166418,1,0,24
1396,Rabbit,120,Large,29.77016817314933,1,1,73
1397,Rabbit,127,Large,19.245258185139253,1,1,60
1398,Dog,16,Large,11.738498926798217,0,0,26
1399,Dog,62,Medium,7.558396394261434,1,0,9
1400,Cat,113,Large,26.312076790446287,1,0,20
1401,Cat,176,Small,24.62239115129158,1,1,56
1402,Dog,158,Medium,7.783761802602161,1,0,36
1403,Dog,12,Small,6.81833061425063,0,1,36
1404,Bird,35,Large,21.73896652752409,0,0,73
1405,Cat,11,Small,10.133609795644023,1,0,22
1406,Cat,64,Large,9.885565152496778,1,0,1
1407,Dog,50,Large,5.416417164962002,0,0,69
1408,Cat,149,Medium,8.655290071585068,1,0,73
1409,Cat,69,Medium,13.397719170186836,1,0,37
1410,Rabbit,48,Large,22.25231178090005,0,0,83
1411,Bird,20,Medium,10.752934737998745,1,0,72
1412,Rabbit,101,Small,10.52952584491544,1,0,13
1413,Cat,172,Medium,9.262484324020638,1,0,84
1414,Bird,161,Medium,14.870226357820249,1,0,43
1415,Dog,137,Small,6.2384642402981445,1,0,37
1416,Dog,68,Medium,15.08329128693164,1,0,74
1417,Bird,35,Large,21.421091129646005,0,1,25
1418,Bird,65,Small,1.863924616946043,0,0,88
1419,Dog,8,Large,1.2836020288670942,1,0,21
1420,Dog,45,Small,3.178564394480768,1,0,41
1421,Bird,87,Large,16.53414179011525,0,0,73
1422,Bird,175,Large,25.7791974123767,1,0,42
1423,Cat,168,Medium,1.1416495145873062,0,1,42
1424,Dog,76,Large,28.16317783295575,1,1,2
1425,Bird,76,Medium,4.082076835545538,0,0,68
1426,Bird,174,Small,25.41752231368856,1,0,8
1427,Cat,47,Large,15.002788184505455,1,0,61
1428,Bird,15,Large,20.121364231086478,0,0,14
1429,Bird,105,Small,15.80980654896829,1,0,77
1430,Bird,147,Small,14.834398530201284,1,0,21
1431,Rabbit,26,Large,25.212083422567357,1,0,24
1432,Cat,52,Small,22.920705007466672,0,1,50
1433,Rabbit,93,Medium,15.01866485916712,1,0,82
1434,Bird,150,Small,4.237441952485787,0,0,45
1435,Bird,21,Small,4.346685820117836,1,0,64
1436,Dog,51,Large,24.244644360853187,1,1,64
1437,Rabbit,38,Medium,16.35232801907847,1,0,26
1438,Cat,20,Small,14.966085066361517,1,0,32
1439,Bird,157,Medium,20.736438399460734,0,0,57
1440,Rabbit,179,Medium,25.906405919013547,0,0,53
1441,Dog,132,Medium,19.23732118798585,1,0,33
1442,Dog,55,Large,23.12258916804789,0,0,52
1443,Dog,92,Small,23.19284519939175,0,0,18
1444,Bird,28,Large,11.331582014995814,1,0,35
1445,Bird,4,Small,8.948412673588876,0,1,12
1446,Dog,150,Small,24.2337579480796,1,0,51
1447,Rabbit,76,Large,11.938184961743062,0,0,89
1448,Cat,173,Medium,27.19674418915845,1,0,10
1449,Cat,67,Medium,3.021030205173469,1,0,52
1450,Bird,86,Small,2.6883078501848496,1,0,34
1451,Cat,162,Large,27.88312064294084,0,1,67
1452,Cat,91,Medium,19.805192511261613,1,1,39
1453,Dog,105,Medium,12.008381337001635,1,0,8
1454,Bird,1,Small,22.8967520296693,1,0,29
1455,Rabbit,72,Small,20.4974774898156,1,0,22
1456,Dog,87,Large,16.40483035776829,1,0,84
1457,Dog,166,Small,3.867326937216889,0,0,70
1458,Dog,6,Medium,24.553208031489795,1,0,61
1459,Rabbit,153,Medium,26.114672529738115,1,1,43
1460,Rabbit,145,Medium,5.992891968026824,1,0,49
1461,Dog,61,Medium,25.66483790733493,0,0,29
1462,Bird,12,Large,26.457572019480363,1,1,81
1463,Bird,6,Large,16.933429756366962,1,0,31
1464,Bird,27,Small,20.02919205045792,0,0,53
1465,Bird,136,Small,12.084882280420253,0,0,34
1466,Rabbit,124,Small,9.171957777768714,0,0,38
1467,Rabbit,106,Large,21.9375112615977,1,1,57
1468,Cat,93,Medium,25.99437932145844,0,1,4
1469,Bird,109,Small,19.96824903571668,1,1,2
1470,Dog,99,Medium,15.836127708749927,1,1,12
1471,Cat,168,Small,5.608818238480975,1,0,35
1472,Rabbit,142,Small,2.5503026655397267,1,1,70
1473,Cat,35,Small,13.925061917155649,0,1,72
1474,Rabbit,176,Small,2.431137347225217,1,0,21
1475,Bird,84,Small,17.51070432530953,1,0,61
1476,Bird,56,Medium,12.099146548215368,0,0,35
1477,Cat,177,Small,22.958484470777115,0,0,48
1478,Bird,141,Medium,9.86380640824932,1,0,15
1479,Rabbit,49,Large,18.19649832805553,1,1,71
1480,Cat,46,Small,16.592822130897915,1,1,15
1481,Rabbit,113,Medium,1.1366603401449935,0,0,6
1482,Cat,136,Large,3.099292549665,1,0,81
1483,Dog,43,Large,9.420678162094594,0,1,68
1484,Bird,148,Large,26.584817349602183,1,0,22
1485,Rabbit,124,Medium,5.263433692093578,1,0,32
1486,Rabbit,97,Small,21.615935583355707,1,0,22
1487,Bird,90,Small,29.22763041841633,0,1,27
1488,Rabbit,39,Medium,23.9264590280435,1,1,15
1489,Rabbit,85,Small,8.045415488924274,0,0,44
1490,Rabbit,177,Medium,27.34259255197937,1,0,86
1491,Rabbit,62,Small,3.700107538743312,1,1,9
1492,Rabbit,106,Large,14.576116314251337,0,0,34
1493,Dog,107,Small,26.738715324066,1,0,73
1494,Rabbit,54,Medium,19.596705568449224,1,0,15
1495,Bird,126,Medium,12.995692377103266,1,0,62
1496,Cat,9,Large,9.491573135377894,1,0,45
1497,Rabbit,88,Medium,11.877882754232148,1,0,84
1498,Bird,37,Small,15.7593116492693,1,1,72
1499,Cat,49,Small,10.252273966311414,0,0,58
1500,Cat,41,Large,29.10006800038669,1,1,19
1501,Dog,17,Medium,28.05925193891821,1,1,16
1502,Rabbit,88,Large,26.2494725782153,1,0,75
1503,Dog,21,Small,13.23306523015695,1,0,8
1504,Bird,51,Large,21.04775131072164,1,0,33
1505,Bird,59,Medium,27.182049904042973,0,0,74
1506,Dog,167,Large,25.662455142688916,0,0,18
1507,Dog,41,Medium,13.01548340658602,1,0,35
1508,Cat,39,Medium,4.25919543034556,1,0,43
1509,Rabbit,141,Small,3.1932805512019344,1,0,50
1510,Cat,11,Small,17.734857311545376,1,1,3
1511,Dog,147,Small,19.636210121117017,0,0,59
1512,Bird,139,Medium,25.645435533313695,1,0,28
1513,Cat,77,Large,9.4829355898899,1,0,46
1514,Bird,127,Medium,5.856644225951232,1,1,64
1515,Rabbit,46,Small,11.991169162167784,1,0,70
1516,Bird,45,Small,11.253678585335976,1,0,47
1517,Dog,1,Large,4.841599666517787,1,0,14
1518,Dog,168,Small,20.49619692288141,1,0,7
1519,Dog,108,Small,15.752066281151905,1,1,74
1520,Rabbit,19,Small,21.91255992732822,1,0,79
1521,Dog,76,Large,11.228042484922304,1,0,31
1522,Cat,72,Medium,10.445364135753367,1,0,81
1523,Bird,109,Small,14.704699738271811,1,1,51
1524,Bird,12,Large,26.444813016459264,1,0,29
1525,Rabbit,161,Small,2.1681578952854297,1,1,15
1526,Dog,45,Large,24.34015170159769,0,0,76
1527,Bird,90,Small,11.70064076707494,1,0,25
1528,Cat,103,Large,25.783951747865853,1,0,61
1529,Bird,8,Small,24.26388725623984,1,0,41
1530,Cat,153,Medium,11.114076174486565,1,0,69
1531,Cat,91,Small,21.12241952432686,0,1,4
1532,Dog,174,Large,5.629349946429764,0,0,57
1533,Bird,87,Small,26.99216501274985,0,1,31
1534,Rabbit,158,Medium,12.730240869105373,1,0,3
1535,Bird,175,Small,14.213142845300805,1,0,67
1536,Bird,177,Large,21.46701248007256,1,1,50
1537,Cat,175,Large,24.80436686444068,1,0,17
1538,Dog,84,Medium,7.853939556518078,1,0,60
1539,Rabbit,82,Large,20.179154056432868,0,1,74
1540,Cat,146,Small,12.367943272785306,0,0,66
1541,Rabbit,68,Small,11.692384796114878,1,0,88
1542,Dog,161,Small,21.010748894278983,1,1,75
1543,Dog,127,Large,12.228314950522096,1,0,24
1544,Bird,164,Small,11.037146504767822,1,1,87
1545,Cat,82,Small,25.24076383566103,1,0,32
1546,Rabbit,147,Small,3.9370075910991846,0,0,87
1547,Cat,156,Medium,20.60088606207611,1,0,19
1548,Dog,168,Large,8.213036419928114,1,0,66
1549,Dog,84,Large,1.4494490129595188,1,0,60
1550,Dog,113,Large,5.8361637973080684,0,1,66
1551,Cat,76,Medium,18.593184363500164,1,0,15
1552,Bird,122,Large,21.564688553092186,1,0,85
1553,Dog,143,Medium,1.6106757231332811,0,0,35
1554,Bird,41,Medium,2.0563378557498844,1,0,69
1555,Dog,167,Large,27.17372133044564,0,0,27
1556,Cat,2,Small,3.125868725297875,1,0,88
1557,Bird,29,Small,26.931282599880568,1,0,7
1558,Bird,105,Large,7.616811498776268,1,0,6
1559,Rabbit,51,Large,22.46051620458817,1,0,33
1560,Bird,75,Medium,9.98226421943435,0,0,58
1561,Cat,10,Large,25.90380874266633,0,0,49
1562,Cat,142,Medium,21.31319109730638,0,0,17
1563,Dog,51,Large,12.65259029944916,0,0,42
1564,Dog,118,Small,3.212771171048307,1,1,72
1565,Rabbit,121,Small,22.248305332253405,0,1,40
1566,Rabbit,39,Large,18.889657922990263,1,0,46
1567,Bird,28,Medium,1.0844398171798737,1,0,71
1568,Cat,3,Small,1.2731758232009145,1,1,70
1569,Cat,84,Medium,24.454996222588125,1,0,68
1570,Bird,155,Large,8.522592425253762,1,0,1
1571,Cat,117,Large,19.447876364113903,1,0,79
1572,Cat,2,Small,14.172218173192176,0,0,89
1573,Dog,93,Large,26.03947042113125,1,0,52
1574,Cat,166,Small,27.59187227997217,1,0,35
1575,Bird,131,Medium,29.907423667686768,1,0,69
1576,Bird,144,Small,5.456839938410158,1,0,5
1577,Rabbit,94,Small,26.025957347788783,1,1,17
1578,Dog,40,Medium,8.714619925135251,1,0,53
1579,Bird,2,Small,18.13366037196972,1,0,52
1580,Bird,81,Small,15.667412182207116,1,0,14
1581,Bird,169,Large,1.521655815599242,1,0,29
1582,Rabbit,12,Medium,28.05036711727675,1,0,8
1583,Cat,163,Small,3.271484599327335,0,0,1
1584,Bird,65,Medium,20.95834866282434,1,0,29
1585,Cat,55,Medium,23.7651982500396,1,0,36
1586,Rabbit,45,Small,24.06334762238284,0,0,51
1587,Dog,101,Large,4.929341048936498,1,0,37
1588,Bird,62,Medium,13.979528564731192,1,0,69
1589,Rabbit,49,Small,25.053437242585414,1,0,53
1590,Rabbit,127,Medium,9.777697100983886,0,0,52
1591,Cat,153,Large,14.564711585865243,1,0,88
1592,Dog,23,Large,8.911022888295527,1,0,83
1593,Dog,152,Large,14.4429911186744,1,0,12
1594,Bird,38,Small,26.747299755193524,1,0,52
1595,Rabbit,28,Small,14.198602699950314,1,0,1
1596,Bird,21,Large,17.121448495155292,0,1,7
1597,Bird,107,Small,12.715312215789424,1,1,17
1598,Bird,146,Large,14.34339831289644,0,0,43
1599,Dog,164,Small,1.4400517723462292,1,0,71
1600,Dog,99,Large,9.228619788853225,1,0,17
1601,Dog,173,Medium,13.660869930512908,1,0,59
1602,Bird,119,Large,19.380112303789137,0,0,3
1603,Dog,73,Large,14.051505986062873,1,0,29
1604,Rabbit,122,Small,10.796694256325358,0,0,22
1605,Cat,30,Small,12.254863324980558,1,0,38
1606,Rabbit,108,Small,8.026506546813529,1,0,54
1607,Rabbit,98,Small,27.81033420044753,1,0,50
1608,Cat,32,Small,16.130553547936522,1,0,69
1609,Rabbit,156,Small,1.3888741622915703,0,0,30
1610,Cat,172,Medium,1.5639414941668517,1,0,23
1611,Rabbit,79,Large,29.21588741360921,1,0,85
1612,Rabbit,41,Large,7.422075849824106,1,0,47
1613,Rabbit,63,Large,24.36264037561513,1,0,21
1614,Dog,23,Medium,2.68998374525666,1,0,20
1615,Dog,104,Large,27.713719364141923,1,0,23
1616,Bird,75,Medium,26.358093106333676,1,0,68
1617,Bird,48,Medium,17.561701710600925,1,0,21
1618,Rabbit,160,Medium,1.2609610612144175,1,0,21
1619,Cat,57,Large,8.47651534667679,1,0,1
1620,Cat,118,Medium,12.797856774555484,0,1,15
1621,Dog,100,Large,14.34185938567929,1,0,17
1622,Dog,124,Large,9.632683998308789,0,0,51
1623,Rabbit,161,Small,1.955488179120369,0,0,63
1624,Dog,152,Small,18.11369477186972,1,1,14
1625,Rabbit,167,Medium,16.200485363147923,1,0,59
1626,Dog,34,Medium,9.207018427443254,0,0,83
1627,Cat,156,Large,2.1013030595185893,1,0,50
1628,Bird,165,Medium,29.843231429436266,1,1,34
1629,Dog,7,Medium,14.977599417965772,1,0,6
1630,Cat,165,Large,22.92412301144824,1,0,49
1631,Cat,56,Medium,14.11710701648873,1,0,6
1632,Bird,65,Medium,2.251938435025302,1,0,69
1633,Bird,47,Large,9.978421607479502,0,1,7
1634,Rabbit,148,Large,10.283194089171134,0,0,77
1635,Rabbit,19,Small,25.312234217421462,0,0,51
1636,Dog,157,Large,19.97266936199636,1,1,1
1637,Cat,146,Small,8.987467205544712,1,1,13
1638,Cat,163,Medium,29.064458685113493,1,0,43
1639,Cat,171,Large,10.32471313953827,1,0,27
1640,Rabbit,126,Large,29.94878674903289,1,1,71
1641,Bird,139,Large,29.888747101937632,0,0,3
1642,Rabbit,49,Medium,6.545105014655512,1,1,58
1643,Cat,113,Small,10.069492369463603,1,1,89
1644,Rabbit,38,Medium,15.095281756054971,0,0,17
1645,Rabbit,64,Medium,20.25891946328884,0,1,45
1646,Dog,69,Large,16.31337602111018,1,0,78
1647,Cat,136,Small,29.11380260483545,1,0,58
1648,Bird,162,Medium,21.99568576283505,1,0,56
1649,Cat,176,Large,7.149300632106258,1,1,54
1650,Rabbit,116,Medium,4.047828956195511,1,0,87
1651,Rabbit,65,Medium,20.963637430571342,0,0,88
1652,Dog,31,Large,5.595120765242127,1,1,29
1653,Bird,132,Large,23.84262836973687,1,0,54
1654,Dog,113,Small,10.020063350549773,1,0,27
1655,Dog,109,Medium,10.479904628612587,1,1,45
1656,Dog,178,Large,1.313153379295847,1,0,87
1657,Bird,69,Large,21.32932674575618,1,1,31
1658,Dog,158,Small,4.284822838875888,1,1,36
1659,Cat,120,Small,23.413536746442027,1,0,81
1660,Cat,88,Large,15.264166835598996,1,0,61
1661,Cat,67,Small,23.744114633682504,0,0,37
1662,Dog,75,Large,17.933869636734496,1,0,67
1663,Cat,45,Medium,3.390564888550732,1,0,36
1664,Dog,4,Small,23.20391776445031,1,0,5
1665,Cat,154,Medium,3.0241850619477426,0,0,46
1666,Rabbit,155,Medium,14.882349896510636,1,0,79
1667,Dog,174,Medium,5.998127210203935,1,0,52
1668,Rabbit,107,Large,22.817720161358665,1,0,49
1669,Dog,51,Medium,27.43614560637767,1,0,6
1670,Cat,50,Medium,17.069658737389954,1,0,10
1671,Dog,6,Medium,16.287271534676236,1,0,23
1672,Cat,59,Large,23.15493269344292,1,0,17
1673,Rabbit,125,Medium,1.1472855762960892,1,0,84
1674,Bird,143,Medium,27.615000636419666,0,1,44
1675,Dog,30,Small,6.72601569564282,0,0,41
1676,Cat,170,Large,29.53944763096088,1,0,15
1677,Bird,122,Medium,22.351364490853403,1,0,44
1678,Dog,125,Small,23.45328328331946,1,0,58
1679,Cat,37,Large,20.02988643083459,0,0,86
1680,Rabbit,170,Large,14.678232300769649,1,0,50
1681,Cat,124,Large,17.5772031074738,1,0,52
1682,Dog,101,Large,2.345683694438644,0,0,70
1683,Dog,35,Large,19.094825773528413,1,1,68
1684,Cat,87,Large,19.156844957624354,1,0,63
1685,Dog,134,Medium,26.844823124652475,1,0,58
1686,Dog,18,Medium,15.664034365476365,1,1,23
1687,Cat,113,Medium,3.237186848495769,1,0,44
1688,Rabbit,29,Medium,9.879681693980356,0,0,83
1689,Cat,77,Small,20.01325295131521,1,0,44
1690,Cat,59,Medium,7.938507019792453,0,0,52
1691,Dog,175,Large,9.135306833806627,1,0,67
1692,Dog,126,Medium,24.79360147446475,0,0,28
1693,Cat,145,Medium,17.94527222111856,1,0,67
1694,Dog,109,Large,15.747295521433603,1,0,78
1695,Rabbit,22,Medium,10.235107037368326,0,0,18
1696,Bird,68,Medium,22.196913042057968,1,0,27
1697,Rabbit,69,Medium,9.343834600210853,0,0,51
1698,Rabbit,165,Small,22.37484201168108,1,0,60
1699,Dog,49,Medium,3.032942927755818,1,0,74
1700,Bird,141,Large,26.071698905880424,0,0,49
1701,Rabbit,162,Large,15.487427437902053,0,0,15
1702,Bird,109,Medium,13.71673248427013,1,0,83
1703,Cat,86,Medium,18.71967893471581,0,0,73
1704,Bird,53,Medium,19.101570113991844,1,0,68
1705,Bird,123,Large,4.829020129809871,1,0,15
1706,Rabbit,87,Large,22.930774104670185,1,0,51
1707,Cat,179,Small,9.001920640551825,1,0,48
1708,Dog,131,Small,27.243894524927505,1,0,72
1709,Cat,42,Small,24.71766923903014,1,0,1
1710,Bird,98,Large,11.041715204507708,0,0,7
1711,Rabbit,160,Small,24.42443950282072,0,0,53
1712,Bird,109,Medium,11.33532447969722,0,1,31
1713,Bird,51,Medium,3.927482767445178,0,0,18
1714,Rabbit,85,Large,28.89475892304553,0,0,12
1715,Bird,174,Small,19.925458441247763,1,1,48
1716,Dog,127,Medium,14.22688627321516,1,0,30
1717,Bird,21,Large,12.53542719440015,1,0,7
1718,Dog,44,Small,10.416454693489657,0,0,3
1719,Cat,139,Medium,29.46198026744475,1,0,63
1720,Cat,103,Small,4.907670688796315,1,0,6
1721,Dog,68,Large,10.12934670869648,1,0,15
1722,Dog,129,Small,15.079431568197242,1,0,71
1723,Dog,92,Large,14.86198680657503,1,0,43
1724,Dog,24,Small,14.66962804782746,1,0,81
1725,Rabbit,125,Medium,6.097730659081073,1,0,18
1726,Cat,141,Large,5.203043286175516,0,1,22
1727,Bird,111,Large,8.388260003529982,1,0,61
1728,Bird,98,Large,27.521258460259624,1,1,61
1729,Bird,139,Small,4.278536067200793,0,0,53
1730,Cat,179,Small,22.96532799782642,1,0,26
1731,Rabbit,17,Medium,22.968903400867767,1,0,40
1732,Rabbit,99,Large,24.483341713020607,1,0,88
1733,Bird,82,Large,26.71184918069131,0,1,8
1734,Cat,104,Small,8.628049148628978,1,1,21
1735,Cat,152,Small,7.512224608797995,1,0,43
1736,Bird,19,Medium,14.499664329296913,1,0,21
1737,Dog,165,Medium,8.687585893809048,0,0,3
1738,Bird,85,Small,22.29498968051012,1,1,31
1739,Dog,8,Large,19.442247725501577,1,0,27
1740,Dog,28,Medium,26.37464295352689,1,0,27
1741,Dog,5,Small,3.399410801125075,0,0,73
1742,Dog,145,Small,27.537416667384168,1,0,57
1743,Rabbit,101,Large,9.507110173432595,1,1,33
1744,Cat,164,Small,15.230136031882536,0,0,44
1745,Rabbit,118,Small,13.719731642249666,1,0,43
1746,Bird,147,Medium,23.04903788202829,1,0,31
1747,Rabbit,64,Small,13.189665973523434,1,0,65
1748,Bird,91,Small,28.363041223832877,1,0,84
1749,Dog,117,Medium,27.17348259651869,0,0,76
1750,Bird,98,Large,26.29267340711569,1,0,17
1751,Dog,11,Large,3.066491646798609,1,1,15
1752,Rabbit,54,Medium,25.773483785064244,1,0,34
1753,Cat,173,Medium,23.667427917853104,1,0,80
1754,Dog,47,Large,4.001875463177799,0,0,4
1755,Dog,140,Large,4.115015437650435,1,0,72
1756,Bird,149,Large,3.933750534008694,1,0,89
1757,Cat,139,Large,1.3286452029301388,1,1,79
1758,Dog,5,Large,16.910394850642923,1,0,28
1759,Bird,20,Medium,29.228434451645256,1,0,73
1760,Rabbit,169,Small,13.721856384094012,0,0,2
1761,Cat,46,Large,16.681967554733333,0,0,17
1762,Bird,12,Large,29.07112410632871,0,0,58
1763,Dog,70,Small,8.40028463445269,1,0,74
1764,Cat,17,Small,25.895637325349625,0,0,9
1765,Cat,115,Small,16.845323549140346,0,0,31
1766,Bird,147,Small,17.51481892522731,1,0,66
1767,Cat,154,Small,10.952041859011224,0,0,88
1768,Dog,48,Small,17.285946468040336,1,0,62
1769,Dog,108,Medium,3.121132774870234,1,0,19
1770,Rabbit,52,Small,23.17466360580925,0,0,81
1771,Rabbit,96,Small,9.255945084783878,1,1,74
1772,Cat,70,Medium,26.740641555324693,0,0,55
1773,Bird,102,Small,11.667670143616297,1,0,28
1774,Dog,75,Large,5.1418992041195954,1,0,50
1775,Bird,161,Large,21.180565656686063,0,1,65
1776,Cat,151,Small,5.772766196691583,0,1,3
1777,Bird,143,Medium,22.856734950746723,1,0,79
1778,Bird,155,Large,29.07525485577738,0,0,52
1779,Cat,179,Medium,23.60703319506259,0,1,10
1780,Cat,82,Large,1.6510282045084157,1,0,21
1781,Dog,92,Small,18.396687853530462,1,0,37
1782,Bird,179,Medium,21.166909458122007,1,1,15
1783,Rabbit,175,Medium,24.938291448092272,1,0,87
1784,Bird,4,Medium,2.6240669592310044,1,0,78
1785,Rabbit,135,Large,14.923127010616303,0,1,79
1786,Rabbit,109,Large,16.525755306513435,1,0,74
1787,Dog,163,Large,5.904621016681163,1,0,9
1788,Bird,48,Small,10.35104448160884,1,0,44
1789,Dog,73,Large,13.76643006142879,1,0,39
1790,Rabbit,72,Small,25.163080950776244,0,0,5
1791,Cat,116,Medium,27.952819416036,0,0,25
1792,Bird,173,Medium,19.224262038612512,1,0,56
1793,Rabbit,81,Small,12.453410394622402,1,1,64
1794,Bird,81,Large,8.366899516170593,1,0,72
1795,Bird,113,Small,29.48192034864836,0,0,86
1796,Rabbit,96,Medium,29.507579944214395,1,0,52
1797,Dog,72,Medium,27.824331498816008,1,0,89
1798,Cat,147,Small,23.78440534645676,1,0,76
1799,Dog,63,Large,10.44760676862293,1,1,9
1800,Dog,38,Large,24.69301402143129,1,0,10
1801,Cat,67,Small,12.854997500864004,0,0,10
1802,Cat,69,Small,10.47641984649631,1,0,73
1803,Bird,13,Large,22.60109539552211,1,0,62
1804,Bird,175,Medium,3.309963900992264,0,0,60
1805,Cat,31,Small,2.408318975574189,0,0,19
1806,Cat,114,Large,13.990657218254382,1,0,38
1807,Bird,22,Large,13.923525223842695,1,1,6
1808,Dog,93,Medium,26.97368043885121,1,0,15
1809,Cat,171,Medium,4.658439792346687,0,0,47
1810,Rabbit,67,Medium,4.575233896119971,1,0,45
1811,Bird,54,Medium,5.276125413772133,1,0,5
1812,Bird,138,Medium,1.862351577543476,1,0,78
1813,Bird,42,Small,3.080220396632343,1,0,53
1814,Cat,64,Large,20.136226138042133,1,0,66
1815,Dog,126,Small,13.515945544407767,1,1,62
1816,Dog,21,Small,23.1444889455524,1,0,23
1817,Cat,169,Small,29.785333838868148,1,0,44
1818,Rabbit,152,Small,20.11200575187104,1,1,52
1819,Dog,35,Small,2.4632115479835885,1,0,46
1820,Dog,30,Medium,4.032323077875904,1,0,19
1821,Cat,57,Medium,26.549118459626527,1,1,88
1822,Bird,47,Large,16.297382392189583,1,0,84
1823,Bird,163,Small,24.92027762247646,1,0,47
1824,Rabbit,19,Large,25.841757750522856,1,0,52
1825,Dog,114,Medium,27.902561703486057,1,0,24
1826,Cat,8,Medium,28.545046959104607,1,0,17
1827,Bird,26,Medium,17.08994809859588,1,0,89
1828,Dog,113,Small,10.889584995424984,0,0,46
1829,Rabbit,71,Small,28.89408135609196,1,0,64
1830,Cat,30,Medium,16.87478577403553,0,0,28
1831,Rabbit,135,Large,2.86332896568372,0,1,50
1832,Cat,67,Large,19.640519951736085,1,1,64
1833,Dog,65,Medium,18.042857761455316,0,0,28
1834,Rabbit,36,Large,26.977993313946477,1,1,86
1835,Dog,25,Medium,19.942428485576563,0,0,56
1836,Cat,37,Large,11.12252030938499,0,0,59
1837,Dog,1,Medium,29.02054604546879,1,0,5
1838,Dog,143,Large,24.246965093478973,1,0,54
1839,Rabbit,37,Small,19.282110933059275,1,1,44
1840,Rabbit,141,Medium,9.494830898690564,1,0,42
1841,Rabbit,136,Medium,11.83266859311457,0,0,72
1842,Bird,133,Large,20.429127798803044,1,0,57
1843,Cat,128,Medium,3.08744373543633,1,0,47
1844,Dog,127,Medium,8.44373715785764,1,0,76
1845,Bird,1,Medium,21.70312706850134,1,1,25
1846,Rabbit,164,Small,14.920536785494006,1,0,44
1847,Cat,35,Small,12.669413379618474,1,0,15
1848,Rabbit,104,Large,5.39227104961202,1,0,51
1849,Bird,23,Small,13.813621999854243,1,0,53
1850,Cat,9,Large,23.350067152046783,1,0,34
1851,Bird,34,Small,8.656372536084898,0,0,77
1852,Cat,174,Large,1.156557723326645,1,0,8
1853,Cat,128,Small,20.3866421333785,1,0,77
1854,Bird,4,Small,29.206171528544026,1,1,70
1855,Rabbit,158,Large,18.597970344068905,1,0,21
1856,Rabbit,102,Medium,4.477733908886775,0,0,7
1857,Bird,75,Medium,10.30125967799552,1,1,79
1858,Rabbit,99,Small,26.16160682688648,1,0,56
1859,Rabbit,72,Large,7.744474153448029,0,0,49
1860,Dog,3,Medium,18.623181201430636,1,0,42
1861,Cat,142,Large,12.677465039365938,1,0,23
1862,Bird,173,Medium,7.027467921169822,1,0,52
1863,Dog,34,Large,24.58879991337571,1,0,79
1864,Cat,45,Small,22.542107017505018,1,1,53
1865,Cat,61,Large,20.186140912818697,0,1,16
1866,Cat,83,Medium,7.853761117793785,1,0,37
1867,Dog,123,Small,3.837853078777051,1,0,18
1868,Bird,102,Large,17.70862056495302,0,1,20
1869,Rabbit,16,Medium,17.05665717264357,1,0,46
1870,Cat,66,Small,6.463165270711317,1,0,2
1871,Dog,168,Large,2.631154135140002,1,0,87
1872,Bird,145,Medium,3.3405451716255934,1,1,63
1873,Bird,119,Large,29.79035860886928,1,0,3
1874,Dog,162,Large,23.723932947543627,1,0,46
1875,Bird,124,Small,27.737636802990007,1,0,49
1876,Rabbit,144,Small,6.656586944854537,0,1,1
1877,Cat,102,Medium,28.85648755337962,1,0,22
1878,Dog,66,Small,5.136976192721701,1,0,14
1879,Cat,13,Medium,15.763373028427662,1,0,85
1880,Cat,111,Large,25.06117484809485,1,0,45
1881,Cat,159,Large,11.144297280835804,1,0,6
1882,Rabbit,34,Medium,13.320027462130115,1,1,65
1883,Bird,39,Large,4.717368198673838,0,0,21
1884,Rabbit,136,Small,4.56473451997021,1,0,4
1885,Bird,120,Large,18.967478518581128,0,0,3
1886,Cat,126,Small,20.59043868998165,1,0,30
1887,Rabbit,55,Medium,23.54264290838361,1,0,31
1888,Dog,27,Medium,17.143779527770853,1,0,34
1889,Dog,118,Large,19.727019475577872,0,1,83
1890,Rabbit,53,Large,1.3920008792918817,1,0,20
1891,Cat,39,Small,5.702951086978453,0,0,87
1892,Cat,65,Small,29.56252821449024,0,0,54
1893,Dog,145,Large,3.203811683159122,1,0,25
1894,Bird,158,Large,20.684858445547103,1,0,15
1895,Rabbit,13,Medium,6.10639635791977,0,0,38
1896,Dog,21,Medium,21.78483898726161,0,0,23
1897,Bird,147,Medium,21.47372168589781,1,0,52
1898,Dog,53,Large,7.791772733854615,1,0,66
1899,Rabbit,19,Large,8.81939757735692,0,0,57
1900,Cat,57,Large,19.98835069446056,1,0,57
1901,Bird,25,Medium,12.312495124626196,1,1,79
1902,Rabbit,31,Large,6.641891121297427,1,0,52
1903,Dog,81,Small,22.21870836483697,1,1,35
1904,Bird,23,Large,5.470278205753691,0,0,74
1905,Bird,32,Large,25.81366626020345,1,0,14
1906,Cat,74,Large,15.925416197503,1,0,14
1907,Rabbit,10,Large,4.06531751249972,1,0,33
1908,Bird,54,Large,21.128097672398543,1,0,52
1909,Cat,52,Small,16.055728147661675,1,0,1
1910,Bird,148,Small,9.643669582049476,0,0,34
1911,Dog,160,Large,13.253642026491791,0,0,19
1912,Cat,114,Medium,9.651794564037464,0,0,24
1913,Dog,14,Large,8.627749236540737,1,1,4
1914,Rabbit,178,Large,5.744644204467654,1,0,36
1915,Dog,156,Large,11.5202468609868,1,0,77
1916,Dog,110,Medium,8.278628983166051,0,0,58
1917,Rabbit,53,Medium,20.8196001245636,1,1,32
1918,Dog,152,Medium,20.832425493735883,1,0,9
1919,Dog,79,Small,15.553367034113514,1,0,80
1920,Cat,22,Medium,23.56039129663931,1,0,67
1921,Rabbit,30,Small,25.3988518511754,0,0,20
1922,Rabbit,4,Small,17.81322726559392,1,0,74
1923,Cat,59,Medium,18.949119720139574,1,0,62
1924,Bird,8,Medium,9.20369138380459,0,1,58
1925,Dog,12,Medium,26.951206820460072,1,1,22
1926,Dog,119,Small,1.701975288253365,0,0,67
1927,Rabbit,159,Large,11.109471613842524,1,1,75
1928,Bird,34,Medium,21.932212224945825,1,0,89
1929,Rabbit,82,Medium,3.322595780463676,0,1,48
1930,Rabbit,98,Medium,6.311916295420486,1,0,8
1931,Rabbit,127,Small,18.089286108022684,1,0,73
1932,Dog,75,Small,17.23981647244318,0,1,15
1933,Bird,105,Large,22.42892058779769,1,1,32
1934,Rabbit,49,Medium,24.56576653355698,0,0,53
1935,Dog,79,Small,4.728807776838405,1,0,67
1936,Bird,93,Large,1.5330487034820195,0,0,4
1937,Dog,154,Medium,20.99951707010828,0,1,30
1938,Dog,18,Small,9.740362077224418,0,0,13
1939,Rabbit,96,Medium,19.15353350362065,0,0,21
1940,Bird,38,Medium,5.365793053804516,1,0,41
1941,Bird,87,Small,14.602161353312924,0,0,19
1942,Cat,88,Small,15.62831763583967,1,0,48
1943,Bird,50,Small,17.96725667482327,0,0,86
1944,Dog,8,Medium,15.881930473586367,0,0,63
1945,Dog,169,Medium,15.375032336632705,1,0,20
1946,Dog,134,Large,10.649290465531813,1,0,64
1947,Bird,69,Medium,3.0642268532245005,1,0,37
1948,Bird,172,Small,3.596085707108427,1,0,31
1949,Cat,121,Medium,13.579569957807456,0,0,74
1950,Rabbit,64,Large,11.318000706808798,1,0,18
1951,Bird,157,Large,15.967909335560435,0,0,20
1952,Dog,156,Small,9.840306908431742,0,0,82
1953,Bird,139,Small,20.94939265220441,1,0,11
1954,Bird,121,Large,26.05468983827581,1,0,86
1955,Cat,65,Large,9.667032474819164,1,0,44
1956,Cat,107,Large,6.596536230231829,0,1,82
1957,Dog,147,Small,4.369236653368585,1,0,64
1958,Rabbit,137,Large,18.87136717655356,1,1,34
1959,Bird,155,Large,13.871823743076511,1,0,87
1960,Cat,162,Small,6.452455798692379,0,1,65
1961,Dog,172,Medium,19.94096526546381,0,0,55
1962,Bird,100,Medium,5.306012307153248,1,0,74
1963,Dog,82,Large,17.074720469590623,1,1,1
1964,Dog,143,Medium,16.287303067132676,1,0,38
1965,Cat,51,Medium,22.292606234396416,1,0,9
1966,Rabbit,141,Medium,2.598179558279336,0,0,71
1967,Rabbit,83,Medium,26.74831502368858,1,1,17
1968,Dog,177,Large,21.386760058257764,1,0,52
1969,Rabbit,112,Medium,7.267653952114104,0,0,18
1970,Cat,56,Medium,6.31875510968245,0,0,63
1971,Cat,179,Small,13.51814621016972,1,0,33
1972,Cat,165,Large,24.70939455679331,1,0,4
1973,Rabbit,145,Small,25.445549801034108,1,0,87
1974,Cat,157,Small,16.093226672042107,0,1,75
1975,Rabbit,161,Large,25.963515017915388,1,0,52
1976,Rabbit,60,Medium,1.1578675665590266,0,0,9
1977,Bird,120,Small,2.020064314416301,1,0,64
1978,Cat,138,Large,27.44282621546554,1,0,30
1979,Dog,175,Medium,23.484625966691564,0,0,8
1980,Rabbit,23,Large,14.070475689261183,0,0,5
1981,Rabbit,149,Small,22.854693812861623,1,0,76
1982,Rabbit,13,Medium,28.713544389979223,1,0,63
1983,Rabbit,101,Medium,23.390596192557265,0,0,1
1984,Cat,161,Large,25.428768680731334,1,0,15
1985,Bird,24,Medium,23.05759086031179,1,0,89
1986,Rabbit,108,Small,5.878121680572706,0,0,82
1987,Dog,11,Small,25.173649179726365,1,0,38
1988,Dog,17,Small,6.658155780702091,1,0,42
1989,Cat,175,Large,26.885728513280263,1,1,46
1990,Cat,25,Medium,14.3008470443512,1,0,53
1991,Rabbit,94,Medium,20.632325817019822,0,0,26
1992,Bird,21,Medium,15.41998458853866,1,0,61
1993,Cat,84,Small,3.725736953081459,1,1,67
1994,Cat,140,Medium,9.430946920999288,1,0,54
1995,Bird,37,Small,29.52822376591317,1,1,22
1996,Dog,42,Medium,28.860727798424705,0,0,26
1997,Bird,145,Small,10.294120032010872,1,1,83
1998,Rabbit,101,Medium,29.892607323111548,1,0,60
1999,Dog,48,Large,25.52098466941009,0,0,39
2000,Dog,103,Large,18.717825483535385,1,0,36
2001,Dog,28,Small,2.163613987569275,1,1,21
2002,Bird,41,Small,27.141958056613007,1,0,41
2003,Bird,99,Medium,17.165449098665274,0,0,48
2004,Rabbit,47,Medium,26.18580838488032,0,0,26
2005,Bird,146,Large,25.198444477266527,1,0,63
2006,Bird,105,Medium,25.157180240831497,1,0,77
2007,Cat,124,Small,21.247041960732247,1,0,36
2008,Cat,13,Small,9.45103902160541,1,0,24
2009,Cat,141,Small,10.748647474591076,0,1,21
2010,Dog,100,Small,9.945607164897904,1,0,18
2011,Bird,31,Small,1.5813339864443765,1,0,15
2012,Dog,130,Large,17.894498367229524,1,0,79
2013,Bird,16,Large,21.266176442934952,0,1,6
2014,Bird,137,Small,25.762113812230904,0,0,43
2015,Bird,73,Medium,5.064797568099181,1,0,31
2016,Dog,166,Small,16.78131132032725,0,1,28
2017,Bird,54,Large,1.232236079539703,0,0,8
2018,Rabbit,100,Small,3.7577157836111543,0,0,29
2019,Rabbit,109,Large,2.572140581973799,1,0,21
2020,Cat,87,Large,22.03886298644912,1,1,81
2021,Cat,173,Small,3.3507273524504915,1,0,88
2022,Cat,162,Small,21.77713646520491,0,0,58
2023,Bird,137,Medium,8.239116427906918,1,0,60
2024,Bird,8,Large,26.453675860211245,0,0,50
2025,Dog,7,Medium,24.58134966255061,1,1,31
2026,Rabbit,36,Small,28.77707630678302,1,0,47
2027,Rabbit,18,Large,26.629098448282924,1,0,34
2028,Rabbit,3,Medium,28.06655315437407,0,1,2
2029,Dog,28,Medium,25.903529498885923,0,0,67
2030,Bird,70,Medium,21.108075117830808,1,0,72
2031,Rabbit,172,Small,5.9375154116376425,1,1,52
2032,Dog,149,Small,8.879518046768695,0,0,7
2033,Rabbit,28,Small,7.169082017777919,1,0,76
2034,Cat,54,Large,18.50398784208796,1,0,19
2035,Dog,65,Small,15.60497820123444,1,0,15
2036,Bird,100,Large,26.14531991759429,1,1,78
2037,Bird,21,Medium,28.627513128473197,0,0,48
2038,Dog,13,Medium,12.740936798926183,0,0,14
2039,Rabbit,57,Small,15.684166045143558,0,0,3
2040,Cat,49,Medium,29.17397434732004,1,0,50
2041,Cat,118,Small,9.010929307071162,0,1,54
2042,Bird,54,Large,23.9793324854056,1,0,6
2043,Rabbit,138,Medium,7.531957167722142,0,1,49
2044,Dog,53,Small,20.762343347332887,1,0,23
2045,Rabbit,44,Medium,8.35485320151836,1,0,78
2046,Rabbit,47,Medium,26.62826827611022,0,0,78
2047,Cat,53,Small,17.28286036836363,0,1,20
2048,Rabbit,74,Medium,6.392075585357153,1,0,77
2049,Rabbit,46,Medium,7.506706095256095,0,0,60
2050,Bird,13,Medium,15.321626675534908,0,0,45
2051,Rabbit,165,Medium,28.88645874167149,0,0,61
2052,Rabbit,102,Large,23.31962275262598,1,0,56
2053,Cat,24,Medium,15.160979641949508,1,1,2
2054,Dog,2,Medium,10.793855192304296,1,0,45
2055,Dog,81,Small,16.928786307104836,0,0,40
2056,Bird,100,Large,22.70246416942997,1,0,24
2057,Cat,142,Small,23.7339290651312,1,0,29
2058,Rabbit,138,Small,10.413655144811395,1,0,67
2059,Bird,163,Small,21.91361877820244,0,0,68
2060,Bird,153,Large,20.0758746210494,1,0,66
2061,Dog,131,Small,28.814256467892523,1,0,84
2062,Rabbit,111,Small,28.00161842473243,1,0,54
2063,Rabbit,102,Small,23.892000442503733,0,0,53
2064,Cat,17,Medium,21.978445976792923,0,0,79
2065,Rabbit,12,Small,8.947206101424,0,0,49
2066,Cat,116,Large,25.53299242685747,0,0,32
2067,Dog,24,Large,13.39766540768762,1,0,61
2068,Cat,29,Medium,8.894975732675295,1,0,42
2069,Dog,171,Large,12.140661980650412,1,0,1
2070,Rabbit,153,Large,25.24212921047873,0,0,63
2071,Rabbit,122,Medium,5.310363251758665,0,0,35
2072,Rabbit,90,Small,14.228603492474852,0,0,51
2073,Dog,65,Medium,15.2783702413552,0,1,71
2074,Rabbit,84,Small,2.0622612303657624,1,0,45
2075,Dog,119,Small,6.676634856896794,0,0,77
2076,Cat,156,Large,24.97553042869984,0,1,65
2077,Dog,16,Medium,25.09225426924806,1,0,14
2078,Cat,175,Large,9.480037432643192,1,0,3
2079,Rabbit,104,Large,26.37201980333986,1,0,24
2080,Bird,92,Small,23.381705232982085,1,0,65
2081,Rabbit,27,Large,13.119317030066874,0,0,48
2082,Dog,170,Medium,22.703783987746096,1,0,10
2083,Rabbit,175,Large,28.878704304649386,1,0,13
2084,Dog,162,Large,14.310121823895116,1,0,73
2085,Cat,165,Small,7.914388189651025,1,0,14
2086,Cat,134,Medium,28.31267850145452,0,0,10
2087,Bird,135,Large,18.50858436833444,1,0,40
2088,Bird,153,Small,4.052689711932333,0,0,23
2089,Cat,33,Large,17.607801659843993,1,0,55
2090,Bird,55,Medium,15.516845794000664,1,0,63
2091,Dog,7,Large,25.81207792819134,1,0,71
2092,Dog,57,Large,16.39016050314212,1,0,42
2093,Dog,126,Small,8.401740595984219,1,1,66
2094,Cat,12,Large,20.59367785208177,0,1,79
2095,Rabbit,16,Small,16.734688123531825,1,0,73
2096,Dog,43,Medium,7.758294219739301,1,0,47
2097,Rabbit,117,Large,17.63520788034433,0,0,81
2098,Dog,135,Medium,24.824531758800894,1,0,52
2099,Rabbit,111,Medium,1.8285566139963023,1,1,18
2100,Bird,51,Large,19.29468012070824,1,0,79
2101,Rabbit,160,Small,11.13797067774737,1,1,18
2102,Cat,75,Medium,9.4874719270233,1,0,24
2103,Rabbit,8,Medium,12.385044760472226,0,0,23
2104,Rabbit,45,Large,10.918657263191468,0,0,12
2105,Dog,59,Large,25.134934094544807,1,0,23
2106,Rabbit,132,Large,8.969136512269117,1,0,21
2107,Rabbit,104,Large,22.261437670090977,1,0,64
2108,Cat,157,Large,3.727734786629073,0,0,72
2109,Dog,157,Large,28.59049480204805,0,0,34
2110,Dog,98,Small,19.047182480208,0,0,2
2111,Dog,156,Medium,21.494838734292244,1,0,69
2112,Cat,79,Small,9.64314063073908,1,1,31
2113,Dog,124,Small,12.950800492535324,1,0,68
2114,Cat,172,Large,7.4895732018583105,0,0,70
2115,Cat,4,Medium,28.043546488264493,0,1,87
2116,Bird,90,Small,15.155028965939954,1,0,19
2117,Cat,104,Large,19.28299535408171,0,0,72
2118,Cat,137,Large,22.293888885390743,1,1,13
2119,Bird,119,Medium,11.76207664188663,1,0,65
2120,Cat,133,Small,21.88294798163509,1,0,6
2121,Bird,56,Small,20.603782202933864,1,0,71
2122,Rabbit,96,Small,21.46412068234445,1,0,27
2123,Dog,178,Large,15.187667105933771,0,0,79
2124,Dog,75,Medium,12.105184086456896,1,1,52
2125,Bird,143,Medium,7.440383458060706,1,0,87
2126,Cat,32,Small,24.914164231225893,0,0,48
2127,Cat,28,Large,18.642151349418683,1,0,88
2128,Bird,22,Small,13.886213686827354,0,0,79
2129,Bird,17,Medium,28.37588129460773,0,1,68
2130,Rabbit,59,Large,2.3873255627041257,0,0,44
2131,Dog,90,Small,25.65498641094638,1,1,17
2132,Rabbit,106,Small,29.9298951954332,1,0,38
2133,Rabbit,26,Large,26.721321215603155,1,0,10
2134,Rabbit,25,Medium,24.502660982853133,0,1,54
2135,Cat,138,Large,11.854873808783417,1,1,6
2136,Cat,45,Small,7.708111285606511,1,1,6
2137,Cat,83,Small,22.31066509448843,1,0,52
2138,Bird,11,Small,9.832685622368484,0,0,15
2139,Bird,104,Small,6.1051507824941496,0,0,68
2140,Bird,68,Medium,23.809250726004148,0,1,57
2141,Bird,95,Medium,10.063765914864945,1,0,56
2142,Rabbit,156,Small,27.51881015513281,1,0,7
2143,Rabbit,65,Medium,25.378346699754637,1,0,51
2144,Rabbit,49,Medium,25.5815695557684,1,0,58
2145,Cat,175,Medium,23.37552205561896,1,1,64
2146,Cat,52,Small,26.545561289467365,1,0,26
2147,Bird,102,Large,24.366659873165485,1,0,58
2148,Bird,57,Large,18.47282954366713,0,0,31
2149,Bird,47,Large,9.578858838874032,0,0,66
2150,Dog,159,Small,26.758066603210324,1,0,13
2151,Cat,174,Medium,25.377505060422564,1,0,18
2152,Cat,26,Medium,14.713500344105809,0,0,75
2153,Rabbit,114,Small,2.1332818940567004,1,0,13
2154,Bird,5,Small,19.51776809465549,1,0,24
2155,Rabbit,84,Large,2.46730875662087,1,0,57
2156,Dog,52,Large,27.86211889360381,1,0,29
2157,Dog,105,Small,28.887306442133905,1,0,56
2158,Cat,54,Large,6.495214231088522,1,0,54
2159,Bird,161,Medium,20.615291963592387,0,0,5
2160,Cat,178,Small,3.67580113232012,1,1,35
2161,Dog,166,Small,22.15599092862054,1,0,19
2162,Bird,155,Medium,11.071342318427565,1,0,55
2163,Dog,15,Medium,20.750453240182917,1,1,77
2164,Rabbit,61,Medium,11.813418766863158,0,0,69
2165,Bird,122,Large,5.221457785163836,1,1,44
2166,Rabbit,21,Small,12.777189434574176,0,0,78
2167,Cat,46,Large,4.267532272408911,1,1,38
2168,Cat,134,Medium,17.72961497433143,1,1,62
2169,Cat,38,Large,2.187594432334913,1,0,22
2170,Rabbit,62,Medium,16.292270708395932,1,0,73
2171,Rabbit,86,Large,26.704690765770685,1,0,40
2172,Dog,78,Large,25.29832483346152,0,0,26
2173,Bird,46,Medium,26.60066928916841,1,0,5
2174,Rabbit,141,Large,27.739415261686112,0,0,54
2175,Cat,3,Small,4.031308748395133,1,0,86
2176,Bird,6,Large,4.733668883395679,0,0,49
2177,Dog,93,Large,17.15319738308073,1,1,3
2178,Cat,8,Small,26.925207384308447,1,0,38
2179,Bird,172,Medium,29.25613423919689,1,0,14
2180,Dog,108,Small,2.3415956028599987,1,0,47
2181,Rabbit,161,Large,11.317448441819144,1,0,14
2182,Dog,75,Medium,7.17393338513981,1,0,75
2183,Dog,77,Large,22.923009619006194,1,1,73
2184,Cat,50,Large,19.56562218757393,1,0,38
2185,Rabbit,11,Small,4.4767529130315165,1,0,64
2186,Rabbit,95,Small,15.022139953584173,1,1,44
2187,Dog,156,Medium,20.87777514876745,1,1,70
2188,Rabbit,70,Medium,23.59115642379709,1,0,65
2189,Rabbit,169,Medium,1.5815285837362474,1,0,25
2190,Rabbit,16,Large,26.823617645532806,1,0,16
2191,Cat,68,Small,17.509160105565208,0,0,15
2192,Bird,99,Small,24.545364333837234,1,1,81
2193,Rabbit,48,Small,24.43020287041422,1,0,3
2194,Dog,64,Medium,6.505727147858105,1,0,67
2195,Dog,90,Small,4.19499148735536,1,1,37
2196,Rabbit,76,Small,21.91733080024097,0,0,81
2197,Rabbit,139,Small,5.536380645826953,0,1,55
2198,Cat,101,Medium,25.64818725073699,1,0,38
2199,Cat,89,Small,22.05949503200105,1,0,63
2200,Cat,18,Medium,25.412935566592616,1,0,1
2201,Cat,19,Small,9.671367708671037,1,0,71
2202,Bird,55,Small,10.181343751906502,1,0,19
2203,Cat,102,Small,20.46542513404321,1,0,52
2204,Dog,118,Medium,1.9119326967094787,1,0,30
2205,Dog,154,Medium,22.06840564378526,1,1,55
2206,Rabbit,134,Small,25.23770905478344,1,0,14
2207,Dog,4,Large,13.039744011519016,0,0,13
2208,Dog,108,Medium,23.18148607256559,1,0,84
2209,Cat,115,Medium,6.063716592485596,1,1,27
2210,Rabbit,29,Small,10.345551420765055,1,0,89
2211,Rabbit,59,Large,29.254843930203844,1,0,9
2212,Cat,125,Small,29.603517033243666,1,0,41
2213,Cat,98,Medium,15.865546537626052,0,0,48
2214,Cat,17,Medium,28.09382395245243,1,0,12
2215,Cat,107,Small,16.15918966364878,0,0,10
2216,Dog,43,Small,9.456055716673562,1,0,6
2217,Cat,80,Large,8.740079354864383,1,1,34
2218,Dog,162,Large,27.955665455676314,1,1,52
2219,Cat,8,Medium,6.000945280241914,0,0,41
2220,Dog,141,Large,17.809341287852728,0,0,83
2221,Cat,106,Large,17.110226973818868,0,0,6
2222,Bird,8,Medium,22.44902885493685,0,0,2
2223,Dog,96,Medium,15.478044318218467,1,1,15
2224,Bird,94,Medium,8.896284160535892,1,0,17
2225,Cat,65,Medium,5.9124984893157775,1,0,16
2226,Bird,171,Small,19.00374530167086,0,1,28
2227,Dog,39,Medium,21.85073194874376,1,0,85
2228,Rabbit,81,Medium,17.516117081778948,1,0,72
2229,Cat,84,Medium,22.41218703651465,0,0,10
2230,Dog,88,Large,5.104114871048844,1,0,10
2231,Bird,86,Medium,26.59163565335093,0,0,10
2232,Dog,93,Small,17.88946974384659,0,0,73
2233,Bird,86,Small,4.678473879885318,1,0,28
2234,Bird,44,Medium,14.395830921966317,1,0,24
2235,Bird,137,Small,25.498960398111432,1,0,19
2236,Bird,165,Large,27.029303610141643,1,0,68
2237,Cat,74,Medium,8.674835644964084,1,0,56
2238,Cat,36,Small,21.62670891660314,1,0,67
2239,Rabbit,101,Small,3.899572177029524,1,0,42
2240,Cat,156,Medium,1.9728302709525765,1,0,12
2241,Cat,170,Small,17.25156966077834,0,0,18
2242,Cat,171,Medium,21.14999980051565,0,0,23
2243,Dog,170,Small,24.07781520411856,1,0,84
2244,Rabbit,104,Large,10.866270915204703,1,0,6
2245,Rabbit,66,Small,1.1892369024377227,0,0,53
2246,Bird,55,Small,14.90605787622926,1,0,42
2247,Rabbit,176,Medium,1.4597528158334423,0,0,66
2248,Dog,91,Small,3.667550809453198,1,0,30
2249,Rabbit,22,Medium,10.473981653420704,0,1,9
2250,Cat,101,Large,13.677989437245138,1,0,42
2251,Rabbit,155,Medium,9.104613795659809,1,1,34
2252,Dog,121,Medium,17.874092728636526,0,0,40
2253,Dog,93,Small,2.6051438873247603,1,0,88
2254,Dog,108,Large,5.192811596947957,1,0,17
2255,Dog,141,Medium,21.16249362190757,0,0,29
2256,Rabbit,173,Small,5.122084754339614,0,0,50
2257,Rabbit,10,Small,19.55348084554225,1,0,76
2258,Rabbit,9,Medium,2.585854001847601,1,1,49
2259,Rabbit,155,Small,12.814086094455073,1,1,73
2260,Bird,34,Medium,6.144874633514288,0,0,61
2261,Bird,129,Medium,4.179452193520406,1,1,83
2262,Cat,160,Medium,17.4439507215356,0,1,46
2263,Bird,89,Large,27.92173738816303,1,1,46
2264,Dog,93,Medium,2.588824389782916,1,0,17
2265,Cat,71,Small,13.225073198322992,1,0,66
2266,Dog,67,Large,21.518527694617863,1,0,5
2267,Dog,148,Small,14.417947118946984,1,0,54
2268,Dog,117,Large,24.388382437052112,1,1,16
2269,Bird,94,Large,6.209714160059819,1,0,81
2270,Bird,163,Large,28.828231945804475,1,0,7
2271,Cat,99,Large,12.169716205403676,1,1,8
2272,Dog,113,Small,10.905519355383978,1,0,72
2273,Dog,103,Medium,26.36356804059181,1,1,87
2274,Dog,91,Small,17.35214392486123,1,0,82
2275,Cat,90,Medium,15.976885915181825,1,0,38
2276,Cat,17,Small,22.082359666324496,1,0,54
2277,Dog,18,Large,17.81519291015162,1,0,76
2278,Rabbit,173,Large,5.712953697956345,1,0,15
2279,Bird,116,Medium,20.55173106308296,1,1,50
2280,Bird,93,Medium,4.870597499181725,1,1,56
2281,Cat,91,Small,24.3698734546878,1,0,9
2282,Dog,82,Medium,29.70236133365586,1,0,8
2283,Dog,68,Small,11.944241124268512,1,1,19
2284,Bird,114,Medium,13.897921047858365,1,0,51
2285,Bird,1,Medium,2.346576009001557,1,0,72
2286,Rabbit,58,Medium,1.39826245439477,1,1,57
2287,Bird,154,Large,27.721160711413503,0,1,68
2288,Bird,109,Large,4.73009775273657,0,0,31
2289,Cat,148,Small,13.92758367922464,0,0,3
2290,Rabbit,116,Medium,24.64528409181128,1,0,83
2291,Cat,87,Small,26.790244037921266,1,0,43
2292,Bird,10,Medium,16.06253287322056,0,1,29
2293,Rabbit,59,Large,17.385943224302544,1,1,10
2294,Cat,41,Large,20.4208352014349,1,0,12
2295,Rabbit,105,Medium,28.88009163416774,1,0,46
2296,Rabbit,133,Medium,18.47742886739065,1,1,30
2297,Cat,122,Large,17.22478252423404,1,0,82
2298,Rabbit,145,Large,1.4214899227137296,0,0,88
2299,Bird,22,Small,3.3475413586483262,1,1,32
2300,Rabbit,98,Large,17.737977172095892,0,0,73
2301,Cat,169,Medium,28.150971246408893,1,0,47
2302,Dog,68,Small,26.134049103582456,1,0,88
2303,Rabbit,139,Medium,29.494788766773933,0,0,63
2304,Dog,56,Small,16.307187089276944,0,0,26
2305,Dog,179,Medium,23.84999721469524,1,0,3
2306,Cat,149,Large,25.371609613190877,1,1,23
2307,Cat,99,Medium,19.792918062594996,1,0,75
2308,Bird,76,Small,10.82374722222071,0,0,74
2309,Bird,26,Medium,14.629374605076038,0,0,50
2310,Cat,115,Small,25.879595095063465,1,0,36
2311,Cat,147,Medium,9.657889853482754,0,0,13
2312,Cat,109,Large,27.788550806732808,1,0,29
2313,Dog,47,Large,7.664383901257287,0,0,38
2314,Rabbit,71,Medium,22.73597603954664,1,0,77
2315,Bird,154,Medium,19.286217796026413,0,1,84
2316,Rabbit,40,Medium,22.738383792502106,0,0,5
2317,Dog,133,Small,13.68307960054525,1,0,20
2318,Rabbit,149,Medium,28.046590814065556,1,0,78
2319,Dog,132,Medium,19.341693869932843,0,0,14
2320,Rabbit,23,Small,9.360578332073432,0,0,8
2321,Dog,106,Large,19.515197048912167,0,0,48
2322,Bird,84,Medium,9.317656669003904,1,0,13
2323,Bird,143,Medium,9.515339361036352,1,1,24
2324,Rabbit,116,Large,12.588356837005168,0,0,79
2325,Cat,109,Large,25.72048210950445,1,0,65
2326,Rabbit,136,Small,15.508638357425768,1,0,86
2327,Dog,41,Medium,20.688124424676012,1,0,34
2328,Cat,112,Medium,12.367064467959429,1,1,51
2329,Rabbit,147,Small,8.644557754399562,1,0,3
2330,Cat,112,Large,28.68456466077071,0,0,78
2331,Rabbit,103,Small,18.503856166568816,0,0,58
2332,Cat,46,Large,28.08458881889883,1,0,72
2333,Dog,156,Small,6.898977063751136,1,0,55
2334,Dog,68,Large,5.25993075347505,1,1,80
2335,Rabbit,122,Small,25.81886430659321,1,0,42
2336,Dog,15,Large,20.74659916590029,1,0,21
2337,Dog,165,Large,6.410776478355599,1,0,10
2338,Bird,129,Large,8.811431319242594,0,0,57
2339,Dog,111,Large,24.219254304234024,1,1,25
2340,Rabbit,24,Large,14.162189979882148,0,0,56
2341,Cat,27,Medium,20.44567468867664,0,0,38
2342,Cat,40,Large,10.232208641944316,1,0,86
2343,Rabbit,164,Medium,12.055668630471423,0,0,61
2344,Cat,24,Large,29.730664200070045,0,0,47
2345,Cat,24,Medium,8.180895528066838,0,0,54
2346,Cat,4,Medium,15.687234934058909,1,0,46
2347,Dog,67,Small,25.487667952525435,1,1,68
2348,Bird,34,Large,7.937473196309881,0,0,4
2349,Dog,177,Small,13.04119894384559,1,1,66
2350,Dog,116,Small,18.83764733372966,0,0,43
2351,Cat,23,Large,14.954456392777972,1,0,62
2352,Dog,109,Small,14.325565730539209,1,0,85
2353,Bird,69,Large,11.512782208341584,1,1,85
2354,Dog,95,Small,18.012743505472827,1,0,85
2355,Bird,62,Large,19.106808239784694,1,0,4
2356,Bird,169,Large,19.945396686139517,1,0,65
2357,Dog,57,Large,3.04067512927485,1,1,62
2358,Rabbit,54,Medium,19.299991095649418,1,1,2
2359,Dog,70,Small,28.64387818465575,1,0,9
2360,Dog,101,Medium,16.688600830314428,1,1,57
2361,Rabbit,57,Small,21.74274539276809,0,0,45
2362,Dog,138,Small,17.145236925017315,0,1,18
2363,Rabbit,168,Small,25.78747793916738,1,0,48
2364,Cat,135,Medium,27.9579097433295,1,0,42
2365,Bird,103,Small,6.342377079594419,1,0,41
2366,Bird,166,Medium,13.668941060156673,0,0,75
2367,Rabbit,85,Large,12.379080927048918,0,0,89
2368,Cat,61,Small,12.751238575679082,1,0,58
2369,Cat,3,Small,4.640201255608401,1,0,42
2370,Cat,128,Large,24.59485605344086,0,0,35
2371,Bird,179,Large,2.037221047433122,1,0,38
2372,Dog,86,Small,16.31857162408755,1,1,67
2373,Rabbit,47,Large,20.19447325329605,1,1,41
2374,Rabbit,76,Medium,7.016613703707439,1,1,50
2375,Cat,38,Medium,27.269655570865076,1,0,86
2376,Rabbit,164,Small,25.317927003719,1,0,72
2377,Dog,169,Medium,14.661428155033834,1,1,79
2378,Cat,141,Medium,12.923319037864022,0,1,45
2379,Rabbit,87,Small,7.860469831121901,1,0,71
2380,Dog,58,Large,22.169803514703947,0,0,19
2381,Rabbit,50,Small,4.82057018932696,0,0,17
2382,Dog,30,Medium,20.72689486146971,1,0,65
2383,Rabbit,101,Small,25.431252597433996,1,0,77
2384,Rabbit,25,Small,7.625675701593687,1,0,56
2385,Bird,112,Medium,26.12639468406393,1,1,41
2386,Bird,155,Medium,1.9663727837457448,1,0,42
2387,Rabbit,179,Small,27.47083417620924,1,0,6
2388,Bird,126,Medium,4.432504607687642,1,0,69
2389,Cat,123,Medium,19.727016160202947,1,1,75
2390,Cat,47,Medium,8.252391598504312,0,0,73
2391,Bird,118,Medium,25.2600193439188,1,0,40
2392,Bird,39,Medium,15.856710466548527,1,0,41
2393,Dog,16,Medium,4.92199454614854,1,0,9
2394,Bird,22,Large,17.558755568453375,1,0,8
2395,Bird,54,Small,12.828595695712512,1,0,44
2396,Bird,149,Medium,20.18198668177993,1,0,58
2397,Rabbit,16,Small,26.57519525814033,1,0,67
2398,Bird,59,Large,12.872284804319136,1,0,13
2399,Dog,31,Medium,9.40653970648193,0,0,19
2400,Dog,170,Small,1.420937741300655,0,0,49
2401,Bird,32,Medium,17.67033209793637,1,1,80
2402,Bird,162,Medium,12.665968255511572,0,0,82
2403,Rabbit,9,Medium,11.864827351430034,1,0,78
2404,Dog,139,Medium,6.305124317242163,1,0,30
2405,Cat,10,Medium,13.471605010546956,0,0,66
2406,Cat,17,Medium,29.54881665391768,0,0,77
2407,Dog,68,Medium,9.634870456495086,1,0,59
2408,Rabbit,48,Large,18.391427988834906,1,0,53
2409,Cat,111,Large,23.518119558154336,1,1,52
2410,Dog,153,Medium,22.72557687211942,1,1,81
2411,Rabbit,123,Medium,10.534454337285132,1,1,31
2412,Bird,149,Large,18.71494242198866,1,0,15
2413,Rabbit,101,Large,26.26667587283456,1,0,20
2414,Rabbit,102,Large,1.4479754042592603,1,0,5
2415,Cat,65,Medium,13.636296348455922,0,0,7
2416,Cat,51,Small,7.503929129015253,1,0,18
2417,Cat,36,Small,12.270336421566329,1,0,56
2418,Dog,81,Small,13.063698631282008,0,0,75
2419,Dog,127,Small,22.653457978812472,0,0,45
2420,Bird,88,Medium,3.7208342994678514,1,0,28
2421,Bird,104,Small,15.864933190842804,0,0,50
2422,Bird,15,Large,17.361648962163613,0,0,2
2423,Rabbit,96,Large,15.330570503002328,1,1,84
2424,Cat,167,Small,22.22432433881888,1,0,68
2425,Dog,123,Large,12.129946421298571,1,0,77
2426,Bird,1,Medium,28.404044845562208,1,0,24
2427,Bird,151,Small,14.9722998336293,1,0,48
2428,Rabbit,122,Small,17.56520337882913,1,0,45
2429,Dog,167,Medium,24.940393877055733,0,1,58
2430,Dog,126,Large,8.981847072002552,1,1,36
2431,Rabbit,57,Medium,3.180858834121272,1,0,2
2432,Rabbit,81,Medium,21.525735372511992,1,0,18
2433,Rabbit,162,Large,15.00734381090298,1,0,49
2434,Rabbit,169,Medium,26.99862327781085,1,0,8
2435,Cat,73,Large,29.49772141295059,1,1,58
2436,Cat,141,Large,12.574171166667146,1,0,15
2437,Rabbit,70,Medium,13.047731471530165,1,1,17
2438,Rabbit,6,Large,12.830915463966068,1,0,23
2439,Dog,84,Medium,10.412069182196856,1,0,66
2440,Bird,52,Large,23.66892583522553,1,0,70
2441,Bird,3,Small,23.010877112231103,1,0,27
2442,Dog,81,Large,14.88070124596522,0,0,37
2443,Cat,63,Large,2.295175274988064,0,0,49
2444,Dog,49,Medium,9.977219743879129,1,0,64
2445,Rabbit,76,Large,9.476788350090288,1,0,34
2446,Dog,112,Small,24.52153013980749,0,0,18
2447,Dog,175,Small,3.539691629069067,0,0,64
2448,Cat,109,Large,24.36458599223842,1,0,74
2449,Cat,65,Large,20.40632591377515,1,0,44
2450,Dog,81,Small,22.24080231478303,1,0,17
2451,Rabbit,15,Medium,13.53418243996568,1,0,59
2452,Rabbit,100,Small,20.712048084050988,1,1,13
2453,Rabbit,32,Small,18.66183939650056,0,0,52
2454,Dog,96,Large,23.300425661630253,1,0,60
2455,Bird,128,Large,13.956325199579313,1,0,42
2456,Dog,146,Small,14.71194312199277,0,1,64
2457,Rabbit,113,Medium,19.663710459454784,1,0,66
2458,Bird,83,Small,4.134247316325261,1,0,34
2459,Rabbit,43,Small,13.651089002565202,1,0,87
2460,Rabbit,116,Medium,29.18657451253436,1,0,71
2461,Bird,163,Small,2.089017281741323,1,0,64
2462,Cat,78,Small,10.16413696312542,1,0,33
2463,Cat,58,Large,10.109184753591752,1,1,12
2464,Rabbit,33,Medium,19.37045945783741,1,1,76
2465,Cat,14,Large,4.068210423300057,1,0,19
2466,Bird,162,Large,19.22777689548697,1,0,9
2467,Cat,132,Medium,3.7561669788969634,1,0,74
2468,Bird,59,Medium,3.753655775131599,1,0,17
2469,Dog,157,Small,22.117317358465986,0,0,50
2470,Rabbit,83,Large,10.399920041151091,1,0,39
2471,Cat,134,Medium,29.34526548369869,1,0,41
2472,Bird,121,Large,2.083235156631093,0,0,10
2473,Dog,177,Large,13.90809324782183,0,0,12
2474,Cat,168,Medium,4.280942192546686,1,0,79
2475,Dog,83,Small,11.18999003598515,0,0,15
2476,Bird,27,Large,29.948451067662468,0,0,28
2477,Rabbit,80,Medium,26.77643284041742,1,0,4
2478,Bird,134,Small,2.40140785680651,0,1,36
2479,Rabbit,13,Large,17.33441947094482,1,1,65
2480,Bird,64,Medium,19.786846839908637,1,0,47
2481,Cat,147,Large,7.076504094553645,1,0,81
2482,Cat,80,Medium,5.208061628497057,1,0,39
2483,Dog,123,Medium,27.227052905300177,1,0,38
2484,Cat,43,Large,29.095676803017923,1,0,44
2485,Cat,89,Large,29.76489286226961,1,0,51
2486,Bird,148,Medium,23.9030914383044,1,0,85
2487,Bird,95,Small,20.24156001275246,1,0,26
2488,Dog,172,Large,11.02617731359694,1,1,36
2489,Bird,151,Medium,5.970551057417821,1,0,69
2490,Cat,2,Medium,3.2904373816207197,1,0,1
2491,Dog,120,Small,21.105626587993267,1,0,53
2492,Dog,22,Small,23.75697904020139,1,0,6
2493,Bird,115,Small,24.967155921194426,1,0,37
2494,Bird,57,Large,27.49918509581016,1,0,2
2495,Rabbit,72,Medium,26.517957345512837,0,0,69
2496,Rabbit,7,Medium,29.992496895484685,1,1,41
2497,Cat,119,Medium,8.077856318050287,1,0,51
2498,Rabbit,114,Small,23.135920841154107,1,1,47
2499,Cat,16,Medium,18.00732585886913,0,0,13
2500,Cat,83,Large,8.57610884115389,1,0,76
2501,Bird,179,Small,29.475254346321343,1,0,69
2502,Dog,72,Small,27.039045038453317,1,0,66
2503,Rabbit,124,Small,4.7269543848793765,1,1,59
2504,Rabbit,113,Small,1.7585919273791757,1,0,68
2505,Dog,12,Large,20.96159210764763,1,0,59
2506,Rabbit,126,Medium,18.51978823683952,1,0,10
