AgeMonths,Size,WeightKg,TimeInShelterDays
131,Large,5.039767822529515,27
73,Large,16.086726854616735,8
136,Medium,2.0762862789067658,85
97,Small,3.339423254344144,61
123,Large,20.49809976164308,28
70,Large,20.986260902397984,87
169,Small,10.90261279164483,70
13,Large,7.252683192048298,3
49,Medium,24.59759785196193,69
60,Large,7.29599365462682,73
130,Large,16.71878502032501,7
5,Small,29.07805638502425,60
172,Large,5.28772069800913,4
27,Large,28.28541175734656,5
160,Medium,6.303898538991391,11
149,Small,17.45585303267366,15
8,Small,11.933223646803594,64
50,Medium,28.98292944355295,13
67,Large,8.932718841056172,7
44,Small,12.590082060486855,6
125,Small,29.502943417807195,56
58,Large,16.557641344465722,64
3,Large,15.57627335301635,50
86,Small,8.475576157915746,30
70,Large,21.3395432490028,22
130,Small,1.4168156015555518,25
172,Large,2.4358662613665123,28
2,Large,18.38139902693828,84
102,Medium,10.90856264073517,39
35,Large,28.646174793827857,67
98,Medium,27.192530030960786,5
30,Large,21.69748150162451,65
116,Small,24.72622185270624,15
8,Small,20.352623640363102,67
150,Large,4.64188097859466,40
44,Large,23.20075772098688,69
36,Small,7.095567092846545,77
77,Large,10.379842797905706,43
31,Medium,24.757792150970182,1
47,Medium,16.55924264341,22
55,Medium,25.938280711318868,62
106,Medium,7.1780242754546615,79
158,Medium,18.62557471959973,26
121,Large,3.429938203899587,18
55,Large,19.64876881266086,48
144,Medium,23.11348709549051,9
12,Large,17.962995925382927,1
145,Large,8.720713543465497,9
144,Medium,1.9089373969071348,23
140,Large,4.464017634964288,45
136,Large,19.04678639314676,2
3,Large,28.0981862884329,14
144,Medium,6.989497715188185,38
30,Large,22.315758324047863,40
23,Small,26.127080834222205,63
92,Small,16.10558317497782,82
115,Medium,20.40870807946608,16
104,Small,24.635444183608296,75
118,Medium,8.559579574477214,6
5,Small,9.609974553773249,3
104,Small,1.018197982225229,14
108,Small,28.92972979603628,66
65,Medium,27.608801943294,75
121,Medium,23.17247964902348,86
30,Large,3.2932046083227955,67
149,Medium,13.977583801285736,31
84,Small,3.954860865175032,33
150,Small,1.4616877506211594,88
32,Medium,18.869305991165323,1
161,Medium,28.864053095325463,44
16,Medium,27.183172679532355,15
38,Large,21.205889633126727,37
142,Small,3.8025769407812713,27
36,Large,8.950757092496705,48
151,Large,10.28164507967344,27
114,Small,23.131351674621275,12
66,Small,24.265226197818308,67
105,Medium,12.168077566707693,30
85,Medium,13.11863590191068,87
2,Large,2.2907621390089687,66
75,Medium,9.384964834144068,7
67,Medium,14.087270138151558,34
151,Small,4.39250834517247,32
154,Small,14.144756361895618,39
55,Medium,25.74209855547621,43
6,Small,17.858309572026545,43
163,Medium,3.288965796113957,78
150,Small,6.558468246077956,3
171,Small,14.76178615459813,46
143,Small,11.48312734483255,32
86,Small,11.403083566836864,43
60,Medium,16.348755996164115,81
101,Large,17.947481726094264,3
12,Small,24.10898553800954,74
49,Medium,10.888030340412056,63
42,Medium,24.358522208177018,40
166,Small,10.819725644266343,18
82,Large,2.607556679295781,67
173,Small,17.071441879138945,62
35,Medium,18.049167421949623,10
158,Large,28.101667123033945,52
158,Medium,22.05577845581176,73
134,Small,27.615406922338742,46
67,Large,27.34206909704728,55
80,Medium,18.53264919748902,46
7,Medium,16.305099894756978,75
14,Medium,17.165788047744396,60
73,Small,29.371593422640185,26
143,Large,23.421863060661806,27
149,Small,4.081711238979479,38
163,Small,23.5744237966606,22
66,Small,5.945603418048551,26
91,Large,13.973165921163144,86
130,Small,7.103330493119494,69
163,Small,20.997908900463663,35
20,Small,26.441982349598035,66
10,Small,9.420494675633748,73
25,Medium,3.3783114950374413,51
25,Small,9.656299844173937,18
54,Medium,20.49849388003364,43
33,Small,10.534043699079048,12
164,Large,9.0652528590603,3
95,Medium,6.348620526943684,82
14,Medium,15.427976379358572,7
65,Medium,9.00251601655844,6
110,Medium,22.19930012504501,82
80,Large,3.222049657773878,45
54,Small,20.25695796022821,86
125,Medium,7.889240422465326,39
131,Large,15.18909857049649,51
169,Medium,9.296607738906555,9
134,Small,21.96029160431308,23
25,Medium,28.413904167297463,12
141,Large,27.595226604624585,88
117,Small,17.91936023917864,62
136,Large,14.415698794452371,73
149,Small,24.730714773742072,77
25,Small,20.816464516204167,40
79,Small,6.323359312291053,54
68,Medium,24.806657194777006,81
173,Large,13.437647292446597,7
12,Large,6.480584139164078,17
32,Large,9.17212316149828,50
128,Small,8.758283877201928,24
96,Medium,16.057002263500344,2
92,Small,7.79673262965839,83
141,Large,4.583428134645709,33
31,Medium,4.587034667799061,21
78,Medium,17.9150097170338,74
20,Medium,22.30801937663198,53
146,Large,10.324457256311884,46
60,Medium,2.004870584606495,45
134,Medium,4.689521721173311,9
160,Small,27.52614224977465,6
93,Small,15.312766128094138,51
43,Medium,14.153611478840068,35
130,Medium,2.1034261709926367,82
60,Small,22.130473647190072,53
151,Small,16.31397434703029,19
31,Small,6.860347146509103,69
5,Large,4.192139045250658,25
162,Large,12.118248045327956,11
10,Small,25.277696961655742,74
89,Medium,26.09354221682971,17
130,Small,18.482545031473457,36
126,Large,22.098556389674137,21
11,Medium,4.339517834683241,18
178,Large,18.05565589856779,60
159,Medium,20.342005401128272,18
56,Large,6.820672444499974,1
83,Medium,26.52448725439751,14
137,Medium,6.654905388109573,8
99,Medium,10.090843435547065,66
149,Medium,18.9961485636803,51
73,Large,19.51215188879119,79
156,Large,21.28215748863365,60
115,Medium,4.248339678977965,34
7,Medium,25.634468467928105,36
80,Large,16.452566836214537,62
144,Medium,14.668332029046985,1
97,Medium,29.45183111089177,85
4,Medium,22.470970611289573,42
4,Small,4.422174771961871,1
103,Medium,22.93963584956098,84
40,Small,3.762219085213215,54
17,Medium,1.7966463128765606,47
101,Large,12.705150962827016,39
103,Small,29.813767011757346,30
124,Small,6.071634149651016,7
52,Medium,20.50668596227691,22
52,Medium,6.028485919977461,50
164,Small,22.018822273793194,45
124,Large,15.655256378896958,74
166,Large,20.71917959259192,72
178,Medium,6.883322101512803,10
63,Large,22.62322164309456,14
116,Large,29.872952729058493,46
62,Medium,20.30386451815283,75
7,Large,15.310919944113452,6
155,Medium,27.77204566995868,21
92,Small,1.4597034247244127,62
14,Medium,22.16778205928881,19
86,Small,26.773648987600573,88
133,Small,2.788562925007766,82
130,Large,14.051860942056988,62
62,Large,6.936864164549968,83
149,Large,17.429026802047073,53
79,Medium,19.836745799506154,24
149,Large,9.776072304933896,56
138,Small,14.339468420664923,62
58,Large,9.100845073020226,34
120,Large,11.7123437691983,22
167,Medium,5.626658743964284,68
133,Medium,26.68122386398332,57
65,Small,1.2903019062149563,10
13,Medium,26.589866406869863,66
82,Large,17.578687472142416,8
173,Medium,10.618077481133508,38
160,Small,21.96865663834956,62
164,Large,15.724812404017266,28
139,Small,15.474151085120589,10
149,Medium,4.1941262046500265,45
52,Medium,12.295964752416852,65
117,Small,7.990866029845362,67
26,Large,1.45518126229211,9
34,Medium,11.442889292681285,5
52,Medium,3.6048417533425376,10
112,Large,8.448071094030372,12
82,Medium,3.682982014309739,82
157,Small,3.927307141135567,58
166,Medium,6.77132753804046,21
42,Medium,29.995628090105605,21
21,Large,1.0633401428602145,65
42,Small,19.52150644749176,3
141,Large,5.096067242770163,69
113,Medium,27.698215964612498,89
105,Medium,3.715353906675248,64
17,Large,28.69683242666086,49
120,Large,18.716865237020865,72
137,Large,1.0367742305492171,17
169,Small,26.926208739587377,73
129,Medium,16.12964223964063,32
130,Large,8.617422324584052,70
60,Medium,23.25109614795328,21
48,Small,27.87330106271923,7
29,Small,15.027033871257023,7
97,Small,10.151050758850216,27
10,Small,23.87940859411288,8
58,Medium,20.771779435865184,73
21,Small,26.7738220287579,28
28,Small,21.0829063700746,79
34,Large,8.062321828086553,66
8,Small,28.01811824301156,71
177,Large,4.040236668973748,47
79,Small,8.770339753098588,82
145,Small,16.08564362399268,86
87,Large,17.40651875605614,10
88,Small,1.4440070121802575,33
173,Medium,23.63660904880726,7
69,Medium,11.486612234336295,3
160,Small,12.786137689061997,14
172,Medium,24.471716788671426,44
87,Large,11.999218360098793,46
101,Small,2.36952141834789,61
8,Small,6.116753343640159,36
77,Large,28.72119199925729,13
87,Large,3.0417555096729108,16
43,Large,11.29300482807247,80
129,Small,15.592195844488993,5
109,Large,15.30514399281824,89
179,Large,1.1148383473521395,38
152,Medium,15.53371921226722,50
152,Medium,12.129401281344869,38
17,Small,29.19030072876216,56
133,Medium,5.615613435821065,63
148,Medium,11.270471706025354,48
21,Large,13.164963067604774,59
58,Large,12.330112575927515,77
159,Medium,20.30909400190401,44
110,Medium,7.249872868885296,55
139,Medium,7.411075031605763,55
143,Small,22.14711750652474,1
135,Small,15.50842504166721,8
28,Small,13.039514605662,4
51,Medium,5.906888498640303,85
5,Medium,6.438289464452832,86
5,Small,1.3059974676611157,53
94,Small,3.651361796989568,58
96,Medium,17.14832214601699,37
8,Large,26.86432077024389,49
64,Small,9.327778188786166,67
138,Medium,10.504669550987716,19
38,Medium,4.352562707733854,1
111,Large,12.27029742260598,29
112,Medium,2.079429432510546,87
81,Medium,27.610420191595107,33
136,Small,20.52022909561133,52
104,Small,29.731715472403348,41
153,Large,26.60187171767632,23
73,Large,14.716727217246428,5
178,Medium,16.070865903360932,71
49,Small,6.526705348998622,57
36,Large,14.399140942347112,6
126,Large,27.18780833129154,49
68,Large,2.4747492854388127,22
78,Medium,26.043147286950983,77
105,Small,10.887486247635682,76
169,Large,27.085870187792985,4
122,Small,28.28551728390305,72
119,Large,20.455081723055272,64
114,Large,20.268289811187657,37
10,Small,14.12987579355346,31
149,Small,25.23066651176752,37
164,Small,28.886769994565213,45
140,Medium,23.477372209834456,8
91,Large,19.03616527894457,40
2,Medium,18.59699397881877,5
118,Small,25.634627145926206,28
13,Large,16.69490920736765,81
160,Medium,24.311936701215856,87
95,Large,15.757672400053128,9
144,Medium,2.8108839742438,2
32,Small,12.1344632582205,63
32,Medium,13.888787772473464,51
124,Large,5.106900104611899,31
11,Large,3.9723935464871714,7
10,Large,16.52848354005167,30
15,Large,3.469165460126382,58
17,Small,9.785409868812437,3
168,Medium,22.593312302929203,51
146,Small,28.96853320747144,56
153,Small,21.81824683600593,73
59,Small,29.78614090513324,10
78,Large,21.25180116710268,61
124,Large,9.520039648975498,50
114,Large,20.48952367465549,47
22,Medium,21.36254619071021,1
158,Large,11.780082553877357,57
172,Medium,1.5137016676722814,38
32,Large,21.39279375848912,62
179,Large,1.629302762990707,79
174,Small,19.304454263742063,89
113,Small,5.744878173534097,70
120,Small,17.402502304693257,82
149,Medium,15.6134777360374,65
122,Medium,1.3918956268792946,62
32,Large,11.523108692858,56
119,Medium,18.43164385449278,67
39,Large,25.60959000506461,17
12,Medium,26.770621301259,8
175,Medium,15.031649130963476,60
18,Medium,22.124252131683708,40
149,Small,10.177182719470272,81
141,Medium,10.923405767001066,89
149,Small,6.639442056287098,62
126,Small,17.296495189803938,41
136,Medium,10.122360376893592,12
46,Large,3.446755996716646,89
104,Large,20.865176513232186,54
135,Large,21.524843020556546,89
151,Medium,11.439780144592678,11
86,Large,3.224978584224661,60
150,Small,13.362633804699351,68
89,Large,13.82772828345625,78
22,Medium,20.391455662038897,46
92,Large,10.14707534650182,38
29,Small,20.79537911365786,61
13,Medium,26.273167710964263,17
2,Large,7.887095228503795,66
29,Medium,29.38866712747709,72
27,Medium,12.2046759769674,36
50,Medium,8.750501869264792,74
95,Large,13.223824292798424,7
151,Medium,3.737526801211916,16
88,Large,4.645471288851354,14
44,Small,13.018587362081613,80
22,Large,23.110891136233903,25
171,Small,27.10905494766024,4
165,Large,20.279721730771858,29
97,Medium,4.051367101906922,56
3,Large,20.48857310323552,6
118,Medium,19.427409700386185,1
19,Small,24.367153630506607,39
23,Large,24.932211332913244,1
157,Medium,26.17788919759039,63
30,Small,13.009813922793851,57
39,Small,21.238067465212183,67
108,Large,8.779260408747012,65
111,Small,29.980752119521625,65
25,Medium,6.084692999928938,21
128,Small,1.2933185181642384,30
111,Small,5.315452721027104,33
136,Medium,23.500296396779675,48
106,Small,13.956726618738132,22
144,Small,13.97750718650242,54
72,Small,28.695664668738388,4
129,Small,27.669412332814154,87
108,Medium,10.024647396316269,55
5,Small,7.062685734645118,44
3,Medium,25.60598408807845,89
132,Small,27.27455306028653,12
104,Small,16.70631076115612,81
64,Small,19.25328762239592,79
106,Small,8.450514256076508,74
98,Medium,24.223277951377213,52
10,Medium,19.33155042502167,76
149,Medium,15.601891827641902,65
128,Large,2.743148126273479,65
46,Small,27.562113912823456,10
155,Small,18.848091191147773,18
66,Medium,6.588041746096071,47
169,Large,18.58519739250853,66
112,Small,20.64643727295923,49
13,Medium,16.24733976381354,72
137,Small,21.824950400724653,22
164,Small,17.8621644899301,86
86,Medium,28.4853178789323,26
90,Medium,2.557215279379898,9
58,Small,4.081125545617255,21
54,Small,6.036477471675855,63
12,Medium,21.01496104752563,6
14,Small,19.72228030974445,14
121,Small,26.869706946081127,33
162,Medium,22.25344613363305,71
121,Small,15.742309139373177,24
20,Small,29.76312198144528,73
75,Large,8.717130728909677,75
144,Medium,25.16255813377817,87
70,Large,13.37692079362366,51
56,Large,19.813319027396293,2
101,Large,22.090785643120583,15
132,Small,19.37886852851976,35
111,Small,5.074711790149205,36
125,Large,13.84557931169005,39
132,Large,17.281712960060606,4
20,Large,25.622269016179303,64
138,Small,13.865726715158598,74
24,Large,27.643671839323293,6
154,Large,13.77085246773111,57
37,Medium,16.914615918627337,30
54,Medium,24.09228480534123,74
103,Small,17.908962848242165,67
149,Medium,28.84632409910192,15
38,Medium,20.1497390849097,17
174,Medium,16.15857416796043,18
4,Small,1.68416706564308,19
57,Medium,12.998254029829566,76
173,Small,9.678204158544652,88
20,Large,22.69506436873719,69
17,Medium,7.040052579452828,24
119,Small,6.951382531528083,48
71,Medium,6.496052253883927,30
4,Large,4.642852781530841,15
14,Small,10.019203106455734,47
3,Small,26.691741318859325,44
80,Small,23.472925696872693,27
55,Large,22.32228527289701,84
132,Large,24.12276736384892,64
120,Large,8.813118790557578,41
24,Small,26.735809031822143,68
162,Large,4.981797879106527,5
158,Medium,10.754026074751875,53
82,Large,18.015695450052945,8
147,Small,3.984247561918018,22
159,Medium,22.173775445516323,7
60,Large,12.230135397900774,22
147,Medium,23.747764302643603,46
49,Medium,15.29399228195348,30
63,Small,6.245361208334755,16
110,Medium,22.308092529304982,79
150,Medium,8.312174719329363,5
152,Small,15.233498736773242,67
109,Small,3.1904648055503206,23
76,Small,18.918132977949064,61
30,Medium,20.30987522027204,74
58,Medium,11.981552089210725,5
117,Medium,28.678260629311144,23
159,Small,26.350898722979984,79
100,Large,21.53028655645985,82
19,Medium,21.695910160318537,25
176,Large,8.319649733322386,8
173,Small,20.04764170156502,21
94,Medium,6.74798169183007,2
113,Large,5.176093493674841,22
146,Medium,29.984568931874826,72
63,Medium,19.04890201272205,87
116,Medium,13.498648307058524,72
113,Large,9.356771163634589,68
47,Small,18.5136928662046,64
57,Medium,2.4382117383824977,19
118,Small,3.7457487246390566,87
45,Small,1.952844234471494,82
161,Large,15.475925164617191,53
145,Large,18.417592246428296,87
4,Small,2.811913079376805,52
148,Medium,21.91550955746858,47
47,Large,7.681457073922368,82
143,Medium,20.87084215932612,54
47,Medium,29.47501706102212,44
78,Medium,21.042070231561684,7
124,Small,26.612598534784645,1
75,Medium,28.497756695548954,63
103,Small,15.115780402217151,39
137,Small,21.367424403171498,19
90,Medium,25.70710835311941,31
144,Medium,11.341658473357198,77
69,Medium,8.580522180251451,24
61,Medium,28.451358610571823,69
138,Small,22.06280151069572,87
50,Medium,7.370781867898963,83
3,Medium,14.02341838760729,65
107,Small,24.097101316596472,33
113,Large,16.86482673663482,59
94,Large,19.848610846810782,33
118,Small,22.85927785930652,32
81,Large,19.03826647546044,59
109,Small,16.662300335743677,41
51,Medium,22.73881424724543,12
147,Medium,22.09932802753382,73
170,Large,19.266299605312188,11
35,Medium,11.43389298807596,19
46,Large,12.768550673807876,54
154,Large,29.142717917638823,57
69,Medium,4.259192036454249,42
93,Medium,8.786642600332225,71
64,Large,15.279651016925737,31
165,Medium,25.26516089816979,52
49,Small,5.746594248162108,2
149,Medium,9.031683925613686,83
74,Medium,2.90814831606193,38
5,Small,21.473572715473736,32
100,Medium,7.9080736287928675,10
70,Medium,12.271567769457564,8
90,Large,13.867341963860367,75
4,Medium,26.848104132587213,20
126,Medium,12.928578419605866,20
39,Small,5.211525577542223,9
163,Large,16.205133211863508,72
129,Large,28.92578184481026,15
24,Large,18.62288359047352,88
57,Medium,29.51822939335661,63
100,Large,25.39211195922724,21
70,Small,2.043006930188972,5
41,Large,20.09358826593421,35
174,Small,9.316239449178626,85
60,Large,17.22888881369699,68
108,Large,9.101010537005571,48
57,Small,11.11724208155342,80
31,Large,27.7718926408712,62
84,Large,6.992652361859454,35
152,Large,26.349164422749084,70
36,Medium,1.883276434044408,21
158,Small,3.635419612719802,80
152,Large,25.78557620014364,39
108,Small,19.286124896366665,34
106,Small,22.66984800314696,15
158,Small,7.073112453833773,6
86,Large,16.575420212113002,66
135,Large,22.37935748356784,88
163,Small,19.19210997329761,56
14,Medium,14.679264239845075,49
120,Small,28.83372980669373,1
138,Medium,20.608562670149915,65
80,Small,27.3247732069959,28
144,Small,22.16334483563676,20
106,Small,22.32844232933281,48
70,Large,3.3205298229727007,72
44,Medium,11.424474033764364,65
73,Medium,25.892712794870096,51
45,Small,7.745512002313922,43
107,Large,4.349670118537519,49
84,Large,10.457075642525009,25
82,Medium,7.392698661885805,74
107,Large,27.8333576490015,76
21,Medium,26.171032618061805,41
178,Medium,15.49081367820422,71
161,Medium,2.7789723600321725,64
7,Large,21.72230803670153,61
70,Medium,19.078940208751675,12
127,Medium,29.146085451126385,81
143,Small,17.209643967840933,69
160,Medium,10.755417978684372,14
148,Medium,16.05162911377812,34
143,Small,29.39863545073097,48
176,Small,21.194510543457884,61
149,Large,20.48730799988448,81
170,Medium,7.979766102050676,35
154,Large,22.56447300925792,65
120,Large,22.75788305468138,59
128,Small,10.201380529501254,36
142,Large,15.027701139330684,79
57,Medium,9.543496655273223,19
165,Small,8.502447039404313,42
58,Medium,1.7509860372350694,69
21,Medium,9.271140594946631,19
82,Small,17.06512854646997,39
69,Medium,1.046434438921836,69
131,Small,9.213353430480357,52
87,Medium,26.56089963737425,12
165,Small,18.215808968113464,83
49,Large,18.628021898348432,47
147,Medium,12.697564845764244,76
115,Small,20.61769216127992,36
89,Medium,6.508050220680415,63
85,Medium,24.74365750114156,76
128,Medium,4.383984478141095,82
140,Small,20.02403928494017,51
169,Large,10.893330448770808,43
161,Large,22.677876146891823,34
178,Large,16.94317198671458,49
117,Small,14.11823811588277,18
127,Large,5.913249660704163,61
71,Small,19.46782246424624,57
86,Medium,29.268325459191978,5
33,Medium,24.94249932230344,89
81,Large,2.740237585081342,24
152,Small,11.91065197247454,64
61,Medium,27.84190726651788,59
61,Small,15.588268679153622,38
98,Small,20.2012429484372,33
28,Medium,27.46538102215032,10
43,Small,26.34004602217654,37
169,Medium,15.552790890674816,87
167,Medium,13.69174277707046,11
86,Medium,10.851085935908026,24
177,Small,21.85156385172384,88
17,Medium,9.322617184674757,71
98,Small,8.246740586496104,21
98,Medium,11.331246943509624,20
65,Medium,6.139236649484968,10
74,Large,21.158474662427253,89
85,Large,18.87097883058776,47
5,Large,15.003477489359463,47
2,Small,12.319447598585086,15
22,Small,27.36281374400521,44
112,Medium,1.8445897646840528,62
57,Medium,23.304124561711674,6
66,Medium,27.15537758071777,66
74,Medium,13.944282803467852,76
98,Small,16.970024252648756,4
144,Medium,28.3894469485791,23
112,Medium,7.156047943279918,13
179,Large,16.08391058575586,81
125,Medium,14.766912686718172,31
167,Medium,8.493386788240732,16
86,Medium,24.73920368082013,41
76,Small,27.08841724813384,1
88,Large,23.676044813858056,12
168,Medium,6.665409864609643,56
38,Medium,3.515710429540065,50
59,Large,18.557890073854928,20
138,Medium,2.655748054786634,66
99,Small,20.51195076818444,36
63,Medium,16.382302389490036,79
49,Small,20.220786249566245,38
32,Small,18.11495243584257,22
135,Medium,13.258374516288011,61
21,Large,6.82543822406662,50
20,Small,9.865361938504169,59
154,Large,16.210516652350314,20
127,Medium,19.90417471578057,36
68,Small,23.605007489651324,15
110,Medium,23.247950835022763,62
116,Large,29.20797355457148,3
143,Medium,9.289402011238874,5
120,Medium,3.062210538189667,56
79,Small,11.02405113071392,31
116,Medium,22.555539781498226,86
92,Medium,13.70523787996556,35
14,Medium,24.715864487093164,71
155,Small,16.930464590394436,70
125,Large,27.963959956284587,26
168,Large,28.488039817973,1
58,Medium,3.0098306745437124,83
28,Small,14.235989751660306,7
26,Medium,18.68098277623747,36
113,Large,8.42030368355417,76
66,Small,12.805226601990428,84
153,Large,20.65276469241325,87
131,Large,7.575292580052482,25
44,Small,18.45745923625912,59
97,Small,21.22598701676488,61
42,Medium,3.624393021780136,29
6,Medium,15.42835016479613,18
167,Large,8.629320867801532,41
23,Small,22.00720432394329,19
89,Small,6.497109747571274,4
123,Medium,26.87489955060509,65
178,Large,13.49729875903148,41
171,Large,6.742087878919052,15
147,Medium,13.70263209415955,54
51,Small,12.853569121447308,64
11,Medium,13.4386498253176,72
12,Medium,17.98127751142596,15
74,Medium,16.114038022492586,79
8,Medium,5.343536818746178,50
152,Small,2.901793106752453,22
41,Medium,22.153048013069675,18
164,Small,17.231805641921092,80
85,Medium,11.411022274298649,2
72,Large,24.44237685244414,36
55,Small,12.253695753567753,20
137,Large,24.082987598417617,16
47,Medium,9.866927697858866,67
143,Medium,3.1125136288107926,30
176,Medium,28.046551120197943,55
104,Small,12.441982749159822,66
42,Large,23.98808461263196,26
60,Small,9.09517986344683,57
12,Small,19.744588251586023,69
130,Medium,26.32601532447412,2
7,Large,2.2076766478594294,56
80,Medium,25.088437175896587,84
131,Small,17.56865714418593,62
109,Medium,18.616680863348503,34
3,Large,16.171582023373496,56
27,Medium,26.35977799522563,55
114,Large,2.259567359833486,20
107,Large,8.569823354539595,50
40,Medium,26.397113626915505,25
161,Small,22.818025373426725,84
129,Medium,1.5117096451795695,25
8,Small,15.993182213081552,53
101,Small,16.357607740667568,14
160,Medium,12.6255819187094,60
124,Small,9.6244066297977,43
176,Small,20.77002066195792,62
107,Medium,7.02592347643786,76
101,Medium,24.169508300079475,69
4,Medium,24.288077662256683,63
110,Small,13.042581689611795,2
19,Large,9.222892316379784,54
32,Small,9.232467266130683,16
137,Large,14.986448395890092,55
12,Medium,21.867797517731404,43
139,Large,11.407192038821904,61
46,Medium,18.6912570182748,38
119,Medium,12.092049356895236,45
16,Large,9.831172485390116,51
129,Medium,1.7209259615580308,42
63,Large,1.1135090663263283,24
109,Medium,7.58902265712813,30
119,Small,12.785782317228868,37
21,Small,25.68657385349975,53
158,Medium,24.156043044982336,63
13,Medium,8.747792615051708,11
162,Large,8.09167284654468,78
4,Small,7.592340061030796,23
156,Large,10.837882875337144,80
102,Medium,15.447762867288876,50
59,Medium,13.72136538891569,85
128,Large,7.329922764663319,55
27,Medium,4.783090888364923,55
69,Small,1.3647565620996662,4
25,Large,5.464933921328612,54
131,Small,21.455334735629428,61
97,Small,8.065518511021905,78
25,Small,14.589452493523783,83
148,Large,18.147733318774097,5
162,Medium,26.718386182116607,18
154,Small,26.776797853409164,44
126,Small,22.62627827675941,31
133,Small,2.019552769406541,21
9,Medium,17.677042153477032,47
116,Medium,23.810920654113687,30
178,Large,1.501353298137533,55
134,Medium,16.94085379604077,68
60,Large,25.87516022779485,69
172,Large,14.748960199425742,41
121,Large,1.119079884026005,45
139,Large,1.3193873917326164,74
175,Large,13.082445084998763,80
108,Small,5.495251355085882,30
108,Medium,20.269069055704527,77
131,Small,21.555178682278463,85
76,Large,6.15851406835823,45
30,Medium,26.76746536721006,45
21,Small,13.81532750438885,79
156,Small,5.142531320165788,84
161,Large,23.16329634401247,84
163,Small,23.90926050048641,45
34,Small,19.53956870729827,55
41,Small,25.75050104287404,59
51,Small,22.38381618888947,5
175,Small,26.583966379582726,32
82,Large,13.582753406078904,6
58,Large,22.68031671488383,26
75,Small,29.992795339442285,37
23,Large,22.02300472806896,13
176,Large,4.311329626876833,69
128,Medium,16.031242950446305,25
150,Small,18.03308594604781,13
17,Large,6.052109577070339,88
69,Large,28.92385739116309,20
108,Small,6.091813551403873,72
139,Medium,6.14917967168346,60
94,Small,27.539847001262093,73
15,Medium,14.49095756052846,21
91,Small,2.83246009896097,61
163,Small,18.347437498217328,84
33,Small,18.452964110358387,79
125,Small,2.870522001910292,26
16,Medium,29.2031523733762,54
162,Medium,16.776868993542692,42
66,Large,17.234075943213163,11
168,Small,16.08334702056944,37
156,Medium,18.71122160969398,11
47,Medium,8.664692830438893,27
167,Medium,9.329999091270384,83
148,Small,15.82883360408785,34
124,Large,24.39388978814381,38
1,Medium,2.446072718331187,61
87,Small,18.49872215438713,87
128,Medium,24.396566132683105,53
67,Medium,5.550600889079588,65
4,Large,1.4356537174364226,3
153,Medium,10.068685559102285,67
47,Medium,18.056167495158345,28
38,Small,5.010212028737684,14
143,Small,13.35754875820208,52
21,Large,17.01732342385406,30
57,Small,18.3676097479622,58
117,Small,8.957939909010879,54
46,Large,12.60085944360245,69
142,Medium,23.571837642959203,15
145,Large,28.29522612949988,38
39,Small,25.99452960242946,78
137,Large,17.364221550269527,14
99,Medium,12.89849128537445,57
77,Large,10.655741816771128,59
115,Small,4.623740416436524,8
134,Small,4.089986169267276,72
151,Large,20.96237112249608,19
91,Medium,8.534038068963651,32
98,Large,8.385188906540957,29
120,Medium,29.947656579855785,41
46,Medium,6.449852778340067,75
38,Large,5.29373302517606,45
142,Medium,3.861871605037698,13
100,Small,17.81435500983709,27
72,Large,19.20805095406094,19
35,Medium,11.591609861449577,26
147,Small,16.526986729832565,53
30,Large,23.863586397402464,51
78,Small,24.725020881330703,37
84,Small,28.7794501957538,9
113,Small,24.903771591763363,52
25,Medium,17.380401664805373,54
168,Large,6.210052009268534,3
88,Large,3.8931431733824295,69
14,Medium,2.580844807414917,8
154,Large,20.32924912177613,14
102,Small,24.4185514065418,3
150,Large,15.751834569838293,24
176,Medium,2.586711070175558,13
83,Small,16.528646663148805,43
110,Medium,28.13672858421196,29
179,Small,18.330782537041355,72
131,Small,24.47339716542163,51
170,Large,24.204426803360768,42
19,Small,28.03174389363893,31
28,Medium,23.336634203846327,63
173,Large,22.6833149063796,26
71,Medium,7.788977284148577,18
63,Small,2.737829504311362,82
73,Medium,16.010384486560426,57
124,Medium,4.608592030455901,7
119,Small,28.903680412061743,48
121,Large,9.407818116357827,80
19,Medium,25.7353818981445,60
175,Small,12.24111413087132,33
142,Large,10.372633245863945,3
120,Large,28.11959859892201,4
166,Large,11.536354590500496,4
61,Medium,12.318349351230957,42
164,Medium,4.076661608774366,9
168,Medium,20.44295329319277,51
30,Large,9.37634301984789,17
9,Medium,17.98252086734571,17
64,Small,18.14919941754308,20
161,Medium,21.856791172277244,14
120,Medium,22.612003099000795,22
52,Large,15.919120597644644,52
89,Medium,10.598766480498687,27
142,Small,25.286075950207284,43
53,Large,9.986103832846055,3
78,Small,15.717763739610612,88
41,Large,12.636324912908114,8
68,Large,25.797273193120954,86
8,Medium,13.525637403229036,89
2,Small,12.196876476287043,10
105,Large,21.004887094031485,29
125,Medium,18.47079218598184,40
110,Large,4.1101581713795365,65
86,Large,15.736895383974934,21
169,Large,22.32887326166418,24
120,Large,29.77016817314933,73
127,Large,19.245258185139253,60
16,Large,11.738498926798217,26
62,Medium,7.558396394261434,9
113,Large,26.312076790446287,20
176,Small,24.62239115129158,56
158,Medium,7.783761802602161,36
12,Small,6.81833061425063,36
35,Large,21.73896652752409,73
11,Small,10.133609795644023,22
64,Large,9.885565152496778,1
50,Large,5.416417164962002,69
149,Medium,8.655290071585068,73
69,Medium,13.397719170186836,37
48,Large,22.25231178090005,83
20,Medium,10.752934737998745,72
101,Small,10.52952584491544,13
172,Medium,9.262484324020638,84
161,Medium,14.870226357820249,43
137,Small,6.2384642402981445,37
68,Medium,15.08329128693164,74
35,Large,21.421091129646005,25
65,Small,1.863924616946043,88
8,Large,1.2836020288670942,21
45,Small,3.178564394480768,41
87,Large,16.53414179011525,73
175,Large,25.7791974123767,42
168,Medium,1.1416495145873062,42
76,Large,28.16317783295575,2
76,Medium,4.082076835545538,68
174,Small,25.41752231368856,8
47,Large,15.002788184505455,61
15,Large,20.12136423108648,14
105,Small,15.80980654896829,77
147,Small,14.834398530201284,21
26,Large,25.21208342256736,24
52,Small,22.920705007466672,50
93,Medium,15.01866485916712,82
150,Small,4.237441952485787,45
21,Small,4.346685820117836,64
51,Large,24.244644360853187,64
38,Medium,16.35232801907847,26
20,Small,14.966085066361517,32
157,Medium,20.73643839946073,57
179,Medium,25.906405919013547,53
132,Medium,19.23732118798585,33
55,Large,23.12258916804789,52
92,Small,23.19284519939175,18
28,Large,11.331582014995814,35
4,Small,8.948412673588876,12
150,Small,24.2337579480796,51
76,Large,11.938184961743062,89
173,Medium,27.19674418915845,10
67,Medium,3.021030205173469,52
86,Small,2.6883078501848496,34
162,Large,27.88312064294084,67
91,Medium,19.805192511261613,39
105,Medium,12.008381337001635,8
1,Small,22.8967520296693,29
72,Small,20.4974774898156,22
87,Large,16.40483035776829,84
166,Small,3.867326937216889,70
6,Medium,24.553208031489795,61
153,Medium,26.114672529738115,43
145,Medium,5.992891968026824,49
61,Medium,25.66483790733493,29
12,Large,26.457572019480363,81
6,Large,16.933429756366962,31
27,Small,20.02919205045792,53
136,Small,12.084882280420253,34
124,Small,9.171957777768714,38
106,Large,21.9375112615977,57
93,Medium,25.99437932145844,4
109,Small,19.96824903571668,2
99,Medium,15.836127708749927,12
168,Small,5.608818238480975,35
142,Small,2.5503026655397267,70
35,Small,13.925061917155649,72
176,Small,2.431137347225217,21
84,Small,17.51070432530953,61
56,Medium,12.099146548215368,35
177,Small,22.958484470777115,48
141,Medium,9.86380640824932,15
49,Large,18.19649832805553,71
46,Small,16.592822130897915,15
113,Medium,1.1366603401449935,6
136,Large,3.099292549665,81
43,Large,9.420678162094594,68
148,Large,26.584817349602183,22
124,Medium,5.263433692093578,32
97,Small,21.615935583355707,22
90,Small,29.22763041841633,27
39,Medium,23.9264590280435,15
85,Small,8.045415488924274,44
177,Medium,27.34259255197937,86
62,Small,3.700107538743312,9
106,Large,14.576116314251337,34
107,Small,26.738715324066,73
54,Medium,19.596705568449224,15
126,Medium,12.995692377103266,62
9,Large,9.491573135377894,45
88,Medium,11.877882754232148,84
37,Small,15.7593116492693,72
49,Small,10.252273966311414,58
41,Large,29.10006800038669,19
17,Medium,28.05925193891821,16
88,Large,26.2494725782153,75
21,Small,13.23306523015695,8
51,Large,21.04775131072164,33
59,Medium,27.182049904042973,74
167,Large,25.66245514268892,18
41,Medium,13.01548340658602,35
39,Medium,4.25919543034556,43
141,Small,3.1932805512019344,50
11,Small,17.734857311545376,3
147,Small,19.636210121117017,59
139,Medium,25.64543553331369,28
77,Large,9.4829355898899,46
127,Medium,5.856644225951232,64
46,Small,11.991169162167784,70
45,Small,11.253678585335976,47
1,Large,4.841599666517787,14
168,Small,20.49619692288141,7
108,Small,15.752066281151905,74
19,Small,21.91255992732822,79
76,Large,11.228042484922304,31
72,Medium,10.445364135753367,81
109,Small,14.704699738271811,51
12,Large,26.444813016459264,29
161,Small,2.1681578952854297,15
45,Large,24.34015170159769,76
90,Small,11.70064076707494,25
103,Large,25.783951747865853,61
8,Small,24.26388725623984,41
153,Medium,11.114076174486565,69
91,Small,21.12241952432686,4
174,Large,5.629349946429764,57
87,Small,26.99216501274985,31
158,Medium,12.730240869105373,3
175,Small,14.213142845300805,67
177,Large,21.46701248007256,50
175,Large,24.80436686444068,17
84,Medium,7.853939556518078,60
82,Large,20.179154056432868,74
146,Small,12.367943272785306,66
68,Small,11.692384796114878,88
161,Small,21.010748894278983,75
127,Large,12.228314950522096,24
164,Small,11.037146504767822,87
82,Small,25.24076383566103,32
147,Small,3.9370075910991846,87
156,Medium,20.60088606207611,19
168,Large,8.213036419928114,66
84,Large,1.4494490129595188,60
113,Large,5.8361637973080684,66
76,Medium,18.593184363500164,15
122,Large,21.564688553092186,85
143,Medium,1.6106757231332811,35
41,Medium,2.0563378557498844,69
167,Large,27.17372133044564,27
2,Small,3.125868725297875,88
29,Small,26.931282599880568,7
105,Large,7.616811498776268,6
51,Large,22.46051620458817,33
75,Medium,9.98226421943435,58
10,Large,25.90380874266633,49
142,Medium,21.31319109730638,17
51,Large,12.65259029944916,42
118,Small,3.212771171048307,72
121,Small,22.248305332253405,40
39,Large,18.889657922990263,46
28,Medium,1.0844398171798737,71
3,Small,1.2731758232009145,70
84,Medium,24.454996222588125,68
155,Large,8.522592425253762,1
117,Large,19.447876364113903,79
2,Small,14.172218173192176,89
93,Large,26.03947042113125,52
166,Small,27.59187227997217,35
131,Medium,29.907423667686768,69
144,Small,5.456839938410158,5
94,Small,26.025957347788783,17
40,Medium,8.714619925135251,53
2,Small,18.13366037196972,52
81,Small,15.667412182207116,14
169,Large,1.521655815599242,29
12,Medium,28.05036711727675,8
163,Small,3.271484599327335,1
65,Medium,20.95834866282434,29
55,Medium,23.7651982500396,36
45,Small,24.06334762238284,51
101,Large,4.929341048936498,37
62,Medium,13.979528564731192,69
49,Small,25.053437242585414,53
127,Medium,9.777697100983886,52
153,Large,14.564711585865243,88
23,Large,8.911022888295527,83
152,Large,14.4429911186744,12
38,Small,26.747299755193524,52
28,Small,14.198602699950314,1
21,Large,17.121448495155292,7
107,Small,12.715312215789424,17
146,Large,14.34339831289644,43
164,Small,1.4400517723462292,71
99,Large,9.228619788853225,17
173,Medium,13.660869930512908,59
119,Large,19.380112303789137,3
73,Large,14.051505986062873,29
122,Small,10.796694256325358,22
30,Small,12.254863324980558,38
108,Small,8.026506546813529,54
98,Small,27.81033420044753,50
32,Small,16.130553547936522,69
156,Small,1.3888741622915703,30
172,Medium,1.5639414941668517,23
79,Large,29.21588741360921,85
41,Large,7.422075849824106,47
63,Large,24.36264037561513,21
23,Medium,2.68998374525666,20
104,Large,27.713719364141923,23
75,Medium,26.35809310633368,68
48,Medium,17.561701710600925,21
160,Medium,1.2609610612144175,21
57,Large,8.47651534667679,1
118,Medium,12.797856774555484,15
100,Large,14.34185938567929,17
124,Large,9.632683998308789,51
161,Small,1.955488179120369,63
152,Small,18.11369477186972,14
167,Medium,16.200485363147923,59
34,Medium,9.207018427443254,83
156,Large,2.1013030595185893,50
165,Medium,29.843231429436266,34
7,Medium,14.977599417965772,6
165,Large,22.92412301144824,49
56,Medium,14.11710701648873,6
65,Medium,2.251938435025302,69
47,Large,9.978421607479502,7
148,Large,10.283194089171134,77
19,Small,25.312234217421462,51
157,Large,19.97266936199636,1
146,Small,8.987467205544712,13
163,Medium,29.064458685113493,43
171,Large,10.32471313953827,27
126,Large,29.94878674903289,71
139,Large,29.888747101937632,3
49,Medium,6.545105014655512,58
113,Small,10.069492369463603,89
38,Medium,15.095281756054971,17
64,Medium,20.25891946328884,45
69,Large,16.31337602111018,78
136,Small,29.11380260483545,58
162,Medium,21.99568576283505,56
176,Large,7.149300632106258,54
116,Medium,4.047828956195511,87
65,Medium,20.963637430571342,88
31,Large,5.595120765242127,29
132,Large,23.84262836973687,54
113,Small,10.020063350549773,27
109,Medium,10.479904628612587,45
178,Large,1.313153379295847,87
69,Large,21.32932674575618,31
158,Small,4.284822838875888,36
120,Small,23.413536746442027,81
88,Large,15.264166835598996,61
67,Small,23.744114633682504,37
75,Large,17.933869636734496,67
45,Medium,3.390564888550732,36
4,Small,23.20391776445031,5
154,Medium,3.0241850619477426,46
155,Medium,14.882349896510636,79
174,Medium,5.998127210203935,52
107,Large,22.817720161358665,49
51,Medium,27.43614560637767,6
50,Medium,17.069658737389954,10
6,Medium,16.287271534676236,23
59,Large,23.15493269344292,17
125,Medium,1.1472855762960892,84
143,Medium,27.615000636419666,44
30,Small,6.72601569564282,41
170,Large,29.53944763096088,15
122,Medium,22.351364490853403,44
125,Small,23.45328328331946,58
37,Large,20.02988643083459,86
170,Large,14.678232300769649,50
124,Large,17.5772031074738,52
101,Large,2.345683694438644,70
35,Large,19.094825773528413,68
87,Large,19.156844957624354,63
134,Medium,26.844823124652475,58
18,Medium,15.664034365476365,23
113,Medium,3.237186848495769,44
29,Medium,9.879681693980356,83
77,Small,20.01325295131521,44
59,Medium,7.938507019792453,52
175,Large,9.135306833806627,67
126,Medium,24.79360147446475,28
145,Medium,17.94527222111856,67
109,Large,15.747295521433603,78
22,Medium,10.235107037368326,18
68,Medium,22.196913042057968,27
69,Medium,9.343834600210853,51
165,Small,22.37484201168108,60
49,Medium,3.032942927755818,74
141,Large,26.071698905880424,49
162,Large,15.487427437902053,15
109,Medium,13.71673248427013,83
86,Medium,18.71967893471581,73
53,Medium,19.101570113991844,68
123,Large,4.829020129809871,15
87,Large,22.930774104670185,51
179,Small,9.001920640551825,48
131,Small,27.243894524927505,72
42,Small,24.71766923903014,1
98,Large,11.041715204507708,7
160,Small,24.42443950282072,53
109,Medium,11.33532447969722,31
51,Medium,3.927482767445178,18
85,Large,28.89475892304553,12
174,Small,19.925458441247763,48
127,Medium,14.22688627321516,30
21,Large,12.53542719440015,7
44,Small,10.416454693489657,3
139,Medium,29.46198026744475,63
103,Small,4.907670688796315,6
68,Large,10.12934670869648,15
129,Small,15.079431568197242,71
92,Large,14.86198680657503,43
24,Small,14.66962804782746,81
125,Medium,6.097730659081073,18
141,Large,5.203043286175516,22
111,Large,8.388260003529982,61
98,Large,27.521258460259624,61
139,Small,4.278536067200793,53
179,Small,22.96532799782642,26
17,Medium,22.968903400867767,40
99,Large,24.483341713020607,88
82,Large,26.71184918069131,8
104,Small,8.628049148628978,21
152,Small,7.512224608797995,43
19,Medium,14.499664329296913,21
165,Medium,8.687585893809048,3
85,Small,22.29498968051012,31
8,Large,19.442247725501577,27
28,Medium,26.37464295352689,27
5,Small,3.399410801125075,73
145,Small,27.537416667384168,57
101,Large,9.507110173432595,33
164,Small,15.230136031882536,44
118,Small,13.719731642249666,43
147,Medium,23.04903788202829,31
64,Small,13.189665973523434,65
91,Small,28.36304122383288,84
117,Medium,27.17348259651869,76
98,Large,26.29267340711569,17
11,Large,3.066491646798609,15
54,Medium,25.773483785064244,34
173,Medium,23.667427917853104,80
47,Large,4.001875463177799,4
140,Large,4.115015437650435,72
149,Large,3.933750534008694,89
139,Large,1.3286452029301388,79
5,Large,16.910394850642923,28
20,Medium,29.228434451645256,73
169,Small,13.721856384094012,2
46,Large,16.681967554733333,17
12,Large,29.07112410632871,58
70,Small,8.40028463445269,74
17,Small,25.895637325349625,9
115,Small,16.845323549140346,31
147,Small,17.51481892522731,66
154,Small,10.952041859011224,88
48,Small,17.285946468040336,62
108,Medium,3.121132774870234,19
52,Small,23.17466360580925,81
96,Small,9.255945084783878,74
70,Medium,26.740641555324693,55
102,Small,11.667670143616297,28
75,Large,5.1418992041195954,50
161,Large,21.180565656686063,65
151,Small,5.772766196691583,3
143,Medium,22.856734950746723,79
155,Large,29.07525485577738,52
179,Medium,23.60703319506259,10
82,Large,1.6510282045084157,21
92,Small,18.396687853530462,37
179,Medium,21.166909458122007,15
175,Medium,24.938291448092272,87
4,Medium,2.6240669592310044,78
135,Large,14.923127010616303,79
109,Large,16.525755306513435,74
163,Large,5.904621016681163,9
48,Small,10.35104448160884,44
73,Large,13.76643006142879,39
72,Small,25.163080950776244,5
116,Medium,27.952819416036,25
173,Medium,19.224262038612512,56
81,Small,12.453410394622402,64
81,Large,8.366899516170593,72
113,Small,29.48192034864836,86
96,Medium,29.507579944214395,52
72,Medium,27.824331498816008,89
147,Small,23.78440534645676,76
63,Large,10.44760676862293,9
38,Large,24.69301402143129,10
67,Small,12.854997500864004,10
69,Small,10.47641984649631,73
13,Large,22.60109539552211,62
175,Medium,3.309963900992264,60
31,Small,2.408318975574189,19
114,Large,13.990657218254382,38
22,Large,13.923525223842695,6
93,Medium,26.97368043885121,15
171,Medium,4.658439792346687,47
67,Medium,4.575233896119971,45
54,Medium,5.276125413772133,5
138,Medium,1.862351577543476,78
42,Small,3.080220396632343,53
64,Large,20.136226138042133,66
126,Small,13.515945544407767,62
21,Small,23.1444889455524,23
169,Small,29.785333838868148,44
152,Small,20.11200575187104,52
35,Small,2.4632115479835885,46
30,Medium,4.032323077875904,19
57,Medium,26.549118459626527,88
47,Large,16.297382392189583,84
163,Small,24.92027762247646,47
19,Large,25.841757750522856,52
114,Medium,27.902561703486057,24
8,Medium,28.545046959104607,17
26,Medium,17.08994809859588,89
113,Small,10.889584995424984,46
71,Small,28.89408135609196,64
30,Medium,16.87478577403553,28
135,Large,2.86332896568372,50
67,Large,19.640519951736085,64
65,Medium,18.04285776145532,28
36,Large,26.97799331394648,86
25,Medium,19.942428485576563,56
37,Large,11.12252030938499,59
1,Medium,29.02054604546879,5
143,Large,24.246965093478973,54
37,Small,19.282110933059275,44
141,Medium,9.494830898690564,42
136,Medium,11.83266859311457,72
133,Large,20.429127798803044,57
128,Medium,3.08744373543633,47
127,Medium,8.44373715785764,76
1,Medium,21.70312706850134,25
164,Small,14.920536785494006,44
35,Small,12.669413379618474,15
104,Large,5.39227104961202,51
23,Small,13.813621999854243,53
9,Large,23.350067152046783,34
34,Small,8.656372536084898,77
174,Large,1.156557723326645,8
128,Small,20.3866421333785,77
4,Small,29.206171528544026,70
158,Large,18.597970344068905,21
102,Medium,4.477733908886775,7
75,Medium,10.30125967799552,79
99,Small,26.16160682688648,56
72,Large,7.744474153448029,49
3,Medium,18.62318120143064,42
142,Large,12.677465039365938,23
173,Medium,7.027467921169822,52
34,Large,24.58879991337571,79
45,Small,22.542107017505018,53
61,Large,20.186140912818697,16
83,Medium,7.853761117793785,37
123,Small,3.837853078777051,18
102,Large,17.70862056495302,20
16,Medium,17.05665717264357,46
66,Small,6.463165270711317,2
168,Large,2.631154135140002,87
145,Medium,3.3405451716255934,63
119,Large,29.79035860886928,3
162,Large,23.723932947543627,46
124,Small,27.737636802990007,49
144,Small,6.656586944854537,1
102,Medium,28.85648755337962,22
66,Small,5.136976192721701,14
13,Medium,15.763373028427662,85
111,Large,25.06117484809485,45
159,Large,11.144297280835804,6
34,Medium,13.320027462130115,65
39,Large,4.717368198673838,21
136,Small,4.56473451997021,4
120,Large,18.967478518581128,3
126,Small,20.59043868998165,30
55,Medium,23.54264290838361,31
27,Medium,17.143779527770853,34
118,Large,19.727019475577872,83
53,Large,1.3920008792918817,20
39,Small,5.702951086978453,87
65,Small,29.56252821449024,54
145,Large,3.203811683159122,25
158,Large,20.684858445547103,15
13,Medium,6.10639635791977,38
21,Medium,21.78483898726161,23
147,Medium,21.47372168589781,52
53,Large,7.791772733854615,66
19,Large,8.81939757735692,57
57,Large,19.98835069446056,57
25,Medium,12.312495124626196,79
31,Large,6.641891121297427,52
81,Small,22.21870836483697,35
23,Large,5.470278205753691,74
32,Large,25.81366626020345,14
74,Large,15.925416197503,14
10,Large,4.06531751249972,33
54,Large,21.128097672398543,52
52,Small,16.055728147661675,1
148,Small,9.643669582049476,34
160,Large,13.253642026491791,19
114,Medium,9.651794564037464,24
14,Large,8.627749236540737,4
178,Large,5.744644204467654,36
156,Large,11.5202468609868,77
110,Medium,8.278628983166051,58
53,Medium,20.8196001245636,32
152,Medium,20.832425493735883,9
79,Small,15.553367034113514,80
22,Medium,23.56039129663931,67
30,Small,25.3988518511754,20
4,Small,17.81322726559392,74
59,Medium,18.94911972013957,62
8,Medium,9.20369138380459,58
12,Medium,26.951206820460072,22
119,Small,1.701975288253365,67
159,Large,11.109471613842524,75
34,Medium,21.932212224945825,89
82,Medium,3.322595780463676,48
98,Medium,6.311916295420486,8
127,Small,18.089286108022684,73
75,Small,17.23981647244318,15
105,Large,22.42892058779769,32
49,Medium,24.56576653355698,53
79,Small,4.728807776838405,67
93,Large,1.5330487034820195,4
154,Medium,20.99951707010828,30
18,Small,9.740362077224418,13
96,Medium,19.15353350362065,21
38,Medium,5.365793053804516,41
87,Small,14.602161353312924,19
88,Small,15.62831763583967,48
50,Small,17.96725667482327,86
8,Medium,15.881930473586367,63
169,Medium,15.375032336632705,20
134,Large,10.649290465531813,64
69,Medium,3.0642268532245005,37
172,Small,3.596085707108427,31
121,Medium,13.579569957807456,74
64,Large,11.318000706808798,18
157,Large,15.967909335560435,20
156,Small,9.840306908431742,82
139,Small,20.94939265220441,11
121,Large,26.05468983827581,86
65,Large,9.667032474819164,44
107,Large,6.596536230231829,82
147,Small,4.369236653368585,64
137,Large,18.87136717655356,34
155,Large,13.871823743076511,87
162,Small,6.452455798692379,65
172,Medium,19.94096526546381,55
100,Medium,5.306012307153248,74
82,Large,17.074720469590623,1
143,Medium,16.287303067132676,38
51,Medium,22.292606234396416,9
141,Medium,2.598179558279336,71
83,Medium,26.74831502368858,17
177,Large,21.386760058257764,52
112,Medium,7.267653952114104,18
56,Medium,6.31875510968245,63
179,Small,13.51814621016972,33
165,Large,24.70939455679331,4
145,Small,25.445549801034108,87
157,Small,16.093226672042107,75
161,Large,25.963515017915388,52
60,Medium,1.1578675665590266,9
120,Small,2.020064314416301,64
138,Large,27.44282621546554,30
175,Medium,23.484625966691564,8
23,Large,14.070475689261183,5
149,Small,22.854693812861623,76
13,Medium,28.713544389979223,63
101,Medium,23.390596192557265,1
161,Large,25.42876868073133,15
24,Medium,23.05759086031179,89
108,Small,5.878121680572706,82
11,Small,25.173649179726365,38
17,Small,6.658155780702091,42
175,Large,26.885728513280263,46
25,Medium,14.3008470443512,53
94,Medium,20.632325817019822,26
21,Medium,15.41998458853866,61
84,Small,3.725736953081459,67
140,Medium,9.430946920999288,54
37,Small,29.52822376591317,22
42,Medium,28.860727798424705,26
145,Small,10.294120032010872,83
101,Medium,29.892607323111548,60
48,Large,25.52098466941009,39
103,Large,18.717825483535385,36
28,Small,2.163613987569275,21
41,Small,27.141958056613007,41
99,Medium,17.165449098665274,48
47,Medium,26.18580838488032,26
146,Large,25.198444477266527,63
105,Medium,25.157180240831497,77
124,Small,21.247041960732247,36
13,Small,9.45103902160541,24
141,Small,10.748647474591076,21
100,Small,9.945607164897904,18
31,Small,1.5813339864443765,15
130,Large,17.894498367229524,79
16,Large,21.266176442934952,6
137,Small,25.762113812230904,43
73,Medium,5.064797568099181,31
166,Small,16.78131132032725,28
54,Large,1.232236079539703,8
100,Small,3.7577157836111534,29
109,Large,2.572140581973799,21
87,Large,22.03886298644912,81
173,Small,3.3507273524504915,88
162,Small,21.77713646520491,58
137,Medium,8.239116427906918,60
8,Large,26.453675860211245,50
7,Medium,24.58134966255061,31
36,Small,28.77707630678302,47
18,Large,26.629098448282924,34
3,Medium,28.06655315437407,2
28,Medium,25.903529498885923,67
70,Medium,21.108075117830808,72
172,Small,5.9375154116376425,52
149,Small,8.879518046768695,7
28,Small,7.169082017777919,76
54,Large,18.50398784208796,19
65,Small,15.60497820123444,15
100,Large,26.14531991759429,78
21,Medium,28.6275131284732,48
13,Medium,12.740936798926183,14
57,Small,15.684166045143558,3
49,Medium,29.17397434732004,50
118,Small,9.010929307071162,54
54,Large,23.9793324854056,6
138,Medium,7.531957167722142,49
53,Small,20.762343347332887,23
44,Medium,8.35485320151836,78
47,Medium,26.62826827611022,78
53,Small,17.28286036836363,20
74,Medium,6.392075585357153,77
46,Medium,7.506706095256095,60
13,Medium,15.321626675534908,45
165,Medium,28.88645874167149,61
102,Large,23.31962275262598,56
24,Medium,15.160979641949508,2
2,Medium,10.793855192304296,45
81,Small,16.928786307104836,40
100,Large,22.70246416942997,24
142,Small,23.7339290651312,29
138,Small,10.413655144811395,67
163,Small,21.91361877820244,68
153,Large,20.0758746210494,66
131,Small,28.814256467892523,84
111,Small,28.00161842473243,54
102,Small,23.892000442503733,53
17,Medium,21.978445976792923,79
12,Small,8.947206101424,49
116,Large,25.53299242685747,32
24,Large,13.39766540768762,61
29,Medium,8.894975732675295,42
171,Large,12.140661980650412,1
153,Large,25.24212921047873,63
122,Medium,5.310363251758665,35
90,Small,14.228603492474852,51
65,Medium,15.2783702413552,71
84,Small,2.0622612303657624,45
119,Small,6.676634856896794,77
156,Large,24.97553042869984,65
16,Medium,25.09225426924806,14
175,Large,9.480037432643192,3
104,Large,26.37201980333986,24
92,Small,23.381705232982085,65
27,Large,13.119317030066874,48
170,Medium,22.703783987746096,10
175,Large,28.878704304649386,13
162,Large,14.310121823895116,73
165,Small,7.914388189651025,14
134,Medium,28.31267850145452,10
135,Large,18.50858436833444,40
153,Small,4.052689711932333,23
33,Large,17.607801659843993,55
55,Medium,15.516845794000664,63
7,Large,25.81207792819134,71
57,Large,16.39016050314212,42
126,Small,8.401740595984219,66
12,Large,20.59367785208177,79
16,Small,16.734688123531825,73
43,Medium,7.758294219739301,47
117,Large,17.63520788034433,81
135,Medium,24.82453175880089,52
111,Medium,1.8285566139963023,18
51,Large,19.29468012070824,79
160,Small,11.13797067774737,18
75,Medium,9.4874719270233,24
8,Medium,12.385044760472226,23
45,Large,10.918657263191468,12
59,Large,25.134934094544807,23
132,Large,8.969136512269117,21
104,Large,22.261437670090977,64
157,Large,3.727734786629073,72
157,Large,28.59049480204805,34
98,Small,19.047182480208,2
156,Medium,21.494838734292244,69
79,Small,9.64314063073908,31
124,Small,12.950800492535324,68
172,Large,7.4895732018583105,70
4,Medium,28.043546488264493,87
90,Small,15.155028965939954,19
104,Large,19.28299535408171,72
137,Large,22.293888885390743,13
119,Medium,11.76207664188663,65
133,Small,21.88294798163509,6
56,Small,20.603782202933864,71
96,Small,21.46412068234445,27
178,Large,15.187667105933771,79
75,Medium,12.105184086456896,52
143,Medium,7.440383458060706,87
32,Small,24.914164231225893,48
28,Large,18.642151349418683,88
22,Small,13.886213686827354,79
17,Medium,28.37588129460773,68
59,Large,2.3873255627041257,44
90,Small,25.65498641094638,17
106,Small,29.9298951954332,38
26,Large,26.721321215603155,10
25,Medium,24.502660982853133,54
138,Large,11.854873808783417,6
45,Small,7.708111285606511,6
83,Small,22.31066509448843,52
11,Small,9.832685622368484,15
104,Small,6.1051507824941496,68
68,Medium,23.809250726004148,57
95,Medium,10.063765914864945,56
156,Small,27.51881015513281,7
65,Medium,25.37834669975464,51
49,Medium,25.5815695557684,58
175,Medium,23.37552205561896,64
52,Small,26.545561289467365,26
102,Large,24.366659873165485,58
57,Large,18.47282954366713,31
47,Large,9.578858838874032,66
159,Small,26.758066603210324,13
174,Medium,25.377505060422564,18
26,Medium,14.713500344105809,75
114,Small,2.1332818940567004,13
5,Small,19.51776809465549,24
84,Large,2.46730875662087,57
52,Large,27.86211889360381,29
105,Small,28.887306442133905,56
54,Large,6.495214231088522,54
161,Medium,20.615291963592387,5
178,Small,3.67580113232012,35
166,Small,22.15599092862054,19
155,Medium,11.071342318427565,55
15,Medium,20.75045324018292,77
61,Medium,11.813418766863158,69
122,Large,5.221457785163836,44
21,Small,12.777189434574176,78
46,Large,4.267532272408911,38
134,Medium,17.72961497433143,62
38,Large,2.187594432334913,22
62,Medium,16.292270708395932,73
86,Large,26.704690765770685,40
78,Large,25.29832483346152,26
46,Medium,26.60066928916841,5
141,Large,27.739415261686112,54
3,Small,4.031308748395133,86
6,Large,4.733668883395679,49
93,Large,17.15319738308073,3
8,Small,26.925207384308447,38
172,Medium,29.25613423919689,14
108,Small,2.3415956028599987,47
161,Large,11.317448441819144,14
75,Medium,7.17393338513981,75
77,Large,22.923009619006194,73
50,Large,19.56562218757393,38
11,Small,4.4767529130315165,64
95,Small,15.022139953584173,44
156,Medium,20.87777514876745,70
70,Medium,23.59115642379709,65
169,Medium,1.5815285837362474,25
16,Large,26.823617645532806,16
68,Small,17.509160105565208,15
99,Small,24.545364333837234,81
48,Small,24.43020287041422,3
64,Medium,6.505727147858105,67
90,Small,4.19499148735536,37
76,Small,21.91733080024097,81
139,Small,5.536380645826953,55
101,Medium,25.64818725073699,38
89,Small,22.05949503200105,63
18,Medium,25.412935566592616,1
19,Small,9.671367708671037,71
55,Small,10.181343751906502,19
102,Small,20.46542513404321,52
118,Medium,1.9119326967094787,30
154,Medium,22.06840564378526,55
134,Small,25.23770905478344,14
4,Large,13.039744011519016,13
108,Medium,23.18148607256559,84
115,Medium,6.063716592485596,27
29,Small,10.345551420765055,89
59,Large,29.254843930203844,9
125,Small,29.603517033243666,41
98,Medium,15.865546537626052,48
17,Medium,28.09382395245243,12
107,Small,16.15918966364878,10
43,Small,9.456055716673562,6
80,Large,8.740079354864383,34
162,Large,27.955665455676314,52
8,Medium,6.000945280241914,41
141,Large,17.809341287852728,83
106,Large,17.110226973818868,6
8,Medium,22.44902885493685,2
96,Medium,15.478044318218467,15
94,Medium,8.896284160535892,17
65,Medium,5.9124984893157775,16
171,Small,19.00374530167086,28
39,Medium,21.85073194874376,85
81,Medium,17.516117081778948,72
84,Medium,22.41218703651465,10
88,Large,5.104114871048844,10
86,Medium,26.59163565335093,10
93,Small,17.88946974384659,73
86,Small,4.678473879885318,28
44,Medium,14.395830921966317,24
137,Small,25.498960398111432,19
165,Large,27.029303610141643,68
74,Medium,8.674835644964084,56
36,Small,21.62670891660314,67
101,Small,3.899572177029524,42
156,Medium,1.9728302709525765,12
170,Small,17.25156966077834,18
171,Medium,21.14999980051565,23
170,Small,24.07781520411856,84
104,Large,10.866270915204703,6
66,Small,1.1892369024377227,53
55,Small,14.90605787622926,42
176,Medium,1.4597528158334423,66
91,Small,3.667550809453198,30
22,Medium,10.473981653420704,9
101,Large,13.677989437245138,42
155,Medium,9.104613795659809,34
121,Medium,17.874092728636526,40
93,Small,2.6051438873247603,88
108,Large,5.192811596947957,17
141,Medium,21.16249362190757,29
173,Small,5.122084754339614,50
10,Small,19.55348084554225,76
9,Medium,2.585854001847601,49
155,Small,12.814086094455073,73
34,Medium,6.144874633514288,61
129,Medium,4.179452193520406,83
160,Medium,17.4439507215356,46
89,Large,27.92173738816303,46
93,Medium,2.588824389782916,17
71,Small,13.225073198322992,66
67,Large,21.518527694617863,5
148,Small,14.417947118946984,54
117,Large,24.388382437052112,16
94,Large,6.209714160059819,81
163,Large,28.828231945804475,7
99,Large,12.169716205403676,8
113,Small,10.905519355383978,72
103,Medium,26.36356804059181,87
91,Small,17.35214392486123,82
90,Medium,15.976885915181825,38
17,Small,22.082359666324496,54
18,Large,17.81519291015162,76
173,Large,5.712953697956345,15
116,Medium,20.55173106308296,50
93,Medium,4.870597499181725,56
91,Small,24.3698734546878,9
82,Medium,29.70236133365586,8
68,Small,11.944241124268512,19
114,Medium,13.897921047858365,51
1,Medium,2.346576009001557,72
58,Medium,1.39826245439477,57
154,Large,27.721160711413503,68
109,Large,4.73009775273657,31
148,Small,13.92758367922464,3
116,Medium,24.64528409181128,83
87,Small,26.790244037921266,43
10,Medium,16.06253287322056,29
59,Large,17.385943224302544,10
41,Large,20.4208352014349,12
105,Medium,28.88009163416774,46
133,Medium,18.47742886739065,30
122,Large,17.22478252423404,82
145,Large,1.4214899227137296,88
22,Small,3.3475413586483262,32
98,Large,17.737977172095892,73
169,Medium,28.150971246408893,47
68,Small,26.134049103582456,88
139,Medium,29.494788766773933,63
56,Small,16.307187089276944,26
179,Medium,23.84999721469524,3
149,Large,25.37160961319088,23
99,Medium,19.792918062595,75
76,Small,10.82374722222071,74
26,Medium,14.629374605076038,50
115,Small,25.879595095063465,36
147,Medium,9.657889853482754,13
109,Large,27.788550806732808,29
47,Large,7.664383901257287,38
71,Medium,22.73597603954664,77
154,Medium,19.286217796026413,84
40,Medium,22.738383792502106,5
133,Small,13.68307960054525,20
149,Medium,28.04659081406556,78
132,Medium,19.341693869932843,14
23,Small,9.360578332073432,8
106,Large,19.515197048912167,48
84,Medium,9.317656669003904,13
143,Medium,9.515339361036352,24
116,Large,12.588356837005168,79
109,Large,25.72048210950445,65
136,Small,15.508638357425768,86
41,Medium,20.68812442467601,34
112,Medium,12.367064467959429,51
147,Small,8.644557754399562,3
112,Large,28.68456466077071,78
103,Small,18.503856166568816,58
46,Large,28.08458881889883,72
156,Small,6.898977063751136,55
68,Large,5.25993075347505,80
122,Small,25.81886430659321,42
15,Large,20.74659916590029,21
165,Large,6.410776478355599,10
129,Large,8.811431319242594,57
111,Large,24.219254304234024,25
24,Large,14.162189979882148,56
27,Medium,20.44567468867664,38
40,Large,10.232208641944316,86
164,Medium,12.055668630471423,61
24,Large,29.730664200070045,47
24,Medium,8.180895528066838,54
4,Medium,15.687234934058909,46
67,Small,25.487667952525435,68
34,Large,7.937473196309881,4
177,Small,13.04119894384559,66
116,Small,18.83764733372966,43
23,Large,14.954456392777972,62
109,Small,14.325565730539209,85
69,Large,11.512782208341584,85
95,Small,18.012743505472827,85
62,Large,19.10680823978469,4
169,Large,19.94539668613952,65
57,Large,3.04067512927485,62
54,Medium,19.299991095649418,2
70,Small,28.64387818465575,9
101,Medium,16.688600830314428,57
57,Small,21.74274539276809,45
138,Small,17.145236925017315,18
168,Small,25.78747793916738,48
135,Medium,27.9579097433295,42
103,Small,6.342377079594419,41
166,Medium,13.668941060156673,75
85,Large,12.379080927048918,89
61,Small,12.751238575679082,58
3,Small,4.640201255608401,42
128,Large,24.59485605344086,35
179,Large,2.037221047433122,38
86,Small,16.31857162408755,67
47,Large,20.19447325329605,41
76,Medium,7.016613703707439,50
38,Medium,27.26965557086508,86
164,Small,25.317927003719,72
169,Medium,14.661428155033834,79
141,Medium,12.923319037864022,45
87,Small,7.860469831121901,71
58,Large,22.169803514703947,19
50,Small,4.82057018932696,17
30,Medium,20.72689486146971,65
101,Small,25.431252597434,77
25,Small,7.625675701593687,56
112,Medium,26.12639468406393,41
155,Medium,1.9663727837457448,42
179,Small,27.47083417620924,6
126,Medium,4.432504607687642,69
123,Medium,19.727016160202947,75
47,Medium,8.252391598504312,73
118,Medium,25.2600193439188,40
39,Medium,15.856710466548527,41
16,Medium,4.92199454614854,9
22,Large,17.558755568453375,8
54,Small,12.828595695712512,44
149,Medium,20.18198668177993,58
16,Small,26.57519525814033,67
59,Large,12.872284804319136,13
31,Medium,9.40653970648193,19
170,Small,1.420937741300655,49
32,Medium,17.67033209793637,80
162,Medium,12.665968255511572,82
9,Medium,11.864827351430034,78
139,Medium,6.305124317242163,30
10,Medium,13.471605010546956,66
17,Medium,29.54881665391768,77
68,Medium,9.634870456495086,59
48,Large,18.391427988834906,53
111,Large,23.518119558154336,52
153,Medium,22.72557687211942,81
123,Medium,10.534454337285132,31
149,Large,18.71494242198866,15
101,Large,26.26667587283456,20
102,Large,1.4479754042592603,5
65,Medium,13.636296348455922,7
51,Small,7.503929129015253,18
36,Small,12.270336421566329,56
81,Small,13.063698631282008,75
127,Small,22.653457978812472,45
88,Medium,3.7208342994678514,28
104,Small,15.864933190842804,50
15,Large,17.361648962163613,2
96,Large,15.330570503002328,84
167,Small,22.22432433881888,68
123,Large,12.129946421298571,77
1,Medium,28.404044845562208,24
151,Small,14.9722998336293,48
122,Small,17.56520337882913,45
167,Medium,24.940393877055733,58
126,Large,8.981847072002552,36
57,Medium,3.180858834121272,2
81,Medium,21.525735372511992,18
162,Large,15.00734381090298,49
169,Medium,26.99862327781085,8
73,Large,29.49772141295059,58
141,Large,12.574171166667146,15
70,Medium,13.047731471530165,17
6,Large,12.830915463966068,23
84,Medium,10.412069182196856,66
52,Large,23.66892583522553,70
3,Small,23.010877112231103,27
81,Large,14.88070124596522,37
63,Large,2.295175274988064,49
49,Medium,9.977219743879129,64
76,Large,9.476788350090288,34
112,Small,24.52153013980749,18
175,Small,3.539691629069067,64
109,Large,24.36458599223842,74
65,Large,20.40632591377515,44
81,Small,22.24080231478303,17
15,Medium,13.53418243996568,59
100,Small,20.712048084050988,13
32,Small,18.66183939650056,52
96,Large,23.300425661630253,60
128,Large,13.956325199579313,42
146,Small,14.71194312199277,64
113,Medium,19.663710459454784,66
83,Small,4.134247316325261,34
43,Small,13.651089002565202,87
116,Medium,29.18657451253436,71
163,Small,2.089017281741323,64
78,Small,10.16413696312542,33
58,Large,10.109184753591752,12
33,Medium,19.37045945783741,76
14,Large,4.068210423300057,19
162,Large,19.22777689548697,9
132,Medium,3.7561669788969634,74
59,Medium,3.753655775131599,17
157,Small,22.117317358465986,50
83,Large,10.399920041151091,39
134,Medium,29.34526548369869,41
121,Large,2.083235156631093,10
177,Large,13.90809324782183,12
168,Medium,4.280942192546686,79
83,Small,11.18999003598515,15
27,Large,29.948451067662468,28
80,Medium,26.77643284041742,4
134,Small,2.40140785680651,36
13,Large,17.33441947094482,65
64,Medium,19.78684683990864,47
147,Large,7.076504094553645,81
80,Medium,5.208061628497057,39
123,Medium,27.227052905300177,38
43,Large,29.095676803017923,44
89,Large,29.76489286226961,51
148,Medium,23.9030914383044,85
95,Small,20.24156001275246,26
172,Large,11.02617731359694,36
151,Medium,5.970551057417821,69
2,Medium,3.29043738162072,1
120,Small,21.105626587993267,53
22,Small,23.75697904020139,6
115,Small,24.967155921194426,37
57,Large,27.49918509581016,2
72,Medium,26.51795734551284,69
7,Medium,29.992496895484685,41
119,Medium,8.077856318050287,51
114,Small,23.135920841154107,47
16,Medium,18.00732585886913,13
83,Large,8.57610884115389,76
179,Small,29.475254346321343,69
72,Small,27.03904503845332,66
124,Small,4.7269543848793765,59
113,Small,1.7585919273791757,68
12,Large,20.96159210764763,59
126,Medium,18.51978823683952,10
